driverId,name,ssn,location,certified,wage-plan
10,Brianna Kerr,161-77-9374,"1153 Katherine Manor
West Marioshire, NH 86169",N,hours
11,Steven Cooper,738-21-0136,"05798 Turner Hill
Lisamouth, IN 29961",N,miles
12,Rachel Davis,732-54-7414,"4896 Keith Path Suite 060
Morganstad, MD 92205",N,hours
13,Tyler Scott,128-18-1635,"235 Rivera Fords Suite 858
South Tylerfurt, VA 31736",Y,miles
14,Wesley Miller,481-49-6983,"PSC 6143, Box 5266
APO AP 20350",N,miles
15,Anna Fisher,714-59-1602,"PSC 6764, Box 2946
APO AA 50950",Y,hours
16,Terry Carpenter,363-70-7432,"5256 Sarah Via
West Isaiahville, MS 82422",N,hours
17,Michael Nelson,728-95-7821,"45001 Freeman Creek Apt. 877
Davidbury, FL 68467",N,hours
18,Alexander Harrison,134-20-6114,"777 Washington Club Suite 019
Terryburgh, OH 43452",N,miles
19,David Smith,307-97-3568,"937 Sherri Falls
East Tammy, FM 94324",N,miles
20,Matthew Henry,444-40-7285,"9844 Williams Curve
Phillipsfort, PA 74069",Y,hours
21,Carol Smith,411-36-2513,"00258 Christopher Lakes Suite 698
Port Jefferyberg, IA 74076",N,miles
22,Brian Jordan,113-80-5321,"1311 Ayers Rapid Apt. 199
North Danielle, MN 04815",Y,miles
23,Linda Adkins,046-53-5869,"7705 Allen Forge Apt. 935
Vasqueztown, ME 44056",N,miles
24,Gabriel Acosta,840-91-4423,"854 Higgins Shoals Suite 190
West Jacobmouth, MN 42862",Y,hours
25,Patrick Miller,031-16-8144,"424 Salazar Squares
Marcusside, LA 02162",Y,miles
26,Timothy Brown,483-82-6117,"USCGC Calderon
FPO AP 90786",N,hours
27,James Russell,212-55-0621,"610 Shelby Falls
Port Carlos, VI 60012",Y,hours
28,Ronald Brock,025-97-1217,"803 Lisa Plaza Suite 815
Port Catherinestad, OH 41291",Y,hours
29,Sharon Castillo,544-65-2493,"634 Johnson Views Apt. 866
North John, NM 64917",Y,miles
30,David Gomez,008-51-7989,"15821 Carlos Passage
Aaronfurt, SD 38934",N,hours
31,Gloria Fisher,681-60-6264,"437 Price Ports
Brownfort, UT 26231",N,miles
32,Wayne Johnson,363-03-5162,"553 Soto Branch Suite 081
Angelaland, MO 52026",Y,miles
33,Christine Jenkins,765-38-3256,"056 Parker Mill Suite 779
South Erica, WY 36826",N,miles
34,Samantha Matthews,036-09-2932,"59290 Vanessa Valleys Suite 862
Millerview, NM 95305",N,hours
35,Linda Powell,423-25-2070,"4073 Russell Flat
Lake Johnland, FL 22898",N,hours
36,George Andersen,309-57-9306,"6712 Barrett Islands
Ramireztown, MA 96523",Y,miles
37,Brian Love,287-16-0579,"68686 Barron Curve
Peterschester, IA 64023",N,miles
38,Candice Drake,509-77-6308,"72585 Alvarez Forge
Joefurt, WV 91554",Y,miles
39,Craig Daniels,051-60-8498,"941 Hood Gateway Suite 250
Blanchardland, KY 15603",Y,miles
40,Lindsay Foster,168-28-5160,"8360 Evans Land
West Jeremyborough, FL 50391",N,hours
41,Brittany Murray,767-90-1696,"793 Mark Stravenue
Port Jessicashire, MI 08050",Y,miles
42,Mercedes Casey,670-45-3742,"7306 Thomas Glens
East Heatherside, WI 76977",N,hours
43,Carly Bass,429-14-0245,"652 Harris Street Apt. 090
Carlosberg, AZ 95075",Y,miles
44,Christopher Barajas,106-24-6030,"77638 Michelle Lake
Lindashire, MP 90955",Y,miles
45,Laura Franco,835-46-2565,"3745 Vazquez Cliffs Apt. 116
Davidton, RI 14376",Y,miles
46,William Adams,019-49-3641,"28262 Bradley Road Apt. 923
Port Theresa, WV 28152",N,hours
47,Lisa Murray,579-58-4732,"4460 Brenda Square
Yuview, CT 51733",Y,hours
48,Kathy James,671-38-3226,"09574 Hannah Circles
North Meaganton, SC 45637",Y,hours
49,Thomas Stanley,780-83-6823,"9736 Thompson Viaduct Apt. 927
West Zachary, MD 19853",N,miles
50,Dr. Alfred Mcdowell,329-08-2377,"0887 Atkins Courts Apt. 052
Amyshire, PW 42719",N,miles
51,Nathan Glover,153-85-1323,"3271 Long Pines
East Dawn, ND 15320",N,hours
52,Brittany Barnes,098-08-0294,"5478 Galvan Loop Apt. 687
Christopherville, ME 36098",N,miles
53,Hector Williams,896-40-9131,"8116 Fox Island
North Zachary, VI 90557",N,hours
54,Diana Howell,485-15-3391,"176 Lori Tunnel Apt. 496
Youngshire, WI 44363",Y,hours
55,Christian Hamilton,087-61-4271,"2895 Brian Center
Michaelville, MH 82907",N,hours
56,Christina Hoffman,237-15-4192,"699 Davis Ports
Jamesburgh, MS 38902",N,hours
57,Robert Deleon,319-47-0693,"13496 Nichole Court Apt. 860
Allentown, PA 93098",N,miles
58,Christopher Shields,050-67-2290,"09191 Guzman Junction Apt. 747
Port Jeffrey, MP 67161",N,miles
59,Sara Cohen,667-86-6079,"Unit 0720 Box 2889
DPO AE 43150",Y,miles
60,Nicholas Johnson,168-16-0832,"8236 Rivas Ridges Suite 441
Kristinemouth, SD 39578",Y,miles
61,Karen Klein,096-35-8298,"3050 David Hills
North Theresahaven, IA 99642",Y,miles
62,Michelle Boyd,520-53-1910,"493 Kristopher Overpass
West Kennethside, CA 61722",N,hours
63,Michael Walker,453-19-1093,"271 Fowler Rapids
Pachecochester, CO 07583",N,miles
64,Jennifer Dean,506-51-3222,"62577 Norris Oval
Thomasstad, IN 80331",Y,hours
65,Tracy Lawrence,806-32-9630,"6032 Tommy Squares
Michelleshire, RI 81951",N,miles
66,Christopher Wall,760-19-9592,"939 Hughes Terrace Suite 200
Ryanhaven, DC 28855",N,miles
67,Tyler Williams,772-17-6882,"300 Julie Forge
New Brittanyland, NH 53493",Y,miles
68,Jesse Lara,227-70-2391,"1416 William Spurs
Ethanside, OH 17200",Y,hours
69,Rebecca Mayo,549-13-4325,"PSC 7846, Box 2283
APO AE 79448",Y,miles
70,David Castro,530-02-2585,"142 Jennifer Loaf
New Ashleytown, PW 12479",N,hours
71,Frank Mata,067-22-0942,"5007 Jorge Underpass Suite 823
North Vanessa, MI 82789",Y,miles
72,Vanessa Henson,147-45-3763,"24276 Michelle Forks Apt. 834
Jamesborough, MI 62774",N,hours
73,Ryan Mendez,388-40-5785,"387 Nicole Throughway
Jeffmouth, ID 77612",Y,miles
74,Sherry Jones,641-90-7430,"7958 Cohen Alley
Jamesfort, ID 74835",Y,miles
75,Jesse Lambert,335-97-0557,"838 Martinez Oval
East Brandyport, CA 73190",N,hours
76,James Wilson,487-31-9306,"0824 Wright Valleys Suite 144
Ramseyland, WY 25000",Y,miles
77,Ryan Moody,582-81-6793,"24039 Glass Knolls
New Matthew, MD 91749",Y,miles
78,Kristin Leonard,086-67-8152,"750 Hanson Tunnel
Mcdonaldside, LA 02122",N,miles
79,Lee Stokes,660-09-7794,"6427 Black Courts
Christopherhaven, AL 75475",N,miles
80,Jaime Choi,586-38-9467,"5899 Baker Gateway Suite 066
East Jessica, UT 36770",Y,miles
81,Gerald Brown,330-18-2656,"77172 Wallace Oval Suite 414
Martinton, DE 18305",N,hours
82,Troy Wells,190-16-1013,"17197 Patricia Heights
South Jessicaton, PW 97459",Y,hours
83,Tina Adkins,637-31-8322,"3358 Stone Harbor Apt. 406
Guerrachester, AK 82891",N,hours
84,Joy Cortez,032-99-9669,"497 Robinson River Apt. 696
East Curtisport, OH 29290",N,miles
85,William Morris,498-89-5316,"8807 Weeks Fork Apt. 345
Port Lisa, DE 41815",Y,hours
86,Diane Jensen,129-96-0005,"USNV Morales
FPO AE 95005",Y,miles
87,Cheryl Harvey,360-83-6734,"845 Roberson Ports Apt. 545
East Lancefurt, DE 70599",N,miles
88,Thomas Walters,865-67-3902,"657 Booth Land
Katrinaport, WY 93342",Y,miles
89,Lauren Goodman,341-65-6187,"794 Jessica Manors Apt. 120
South Jodiport, OR 32538",Y,hours
90,Amy Hanna,789-59-8314,"90354 Brittany Greens Suite 929
North Mark, PR 63764",N,hours
91,Kathleen Ortega,498-52-3935,"3883 Cody Ridges Apt. 442
Kariland, MN 70806",N,miles
92,Lauren Craig,333-86-0322,"53819 Jasmine Forest Apt. 982
Johnsonside, AR 50935",N,miles
93,Dawn Richards,340-27-3213,"193 Ronald Union Apt. 255
West Amber, MP 42507",Y,miles
94,Michael Jones,019-04-5879,"47438 Martin Lane Suite 353
Port Debbie, GU 20574",Y,miles
95,Robert Foster,814-70-3070,"55651 George Spurs
North Andreaberg, MS 87937",Y,miles
96,David Olson,435-45-1974,"288 Hall Spurs Suite 034
East Tiffany, MT 19192",Y,miles
97,Zachary Spencer,268-70-0780,"39672 Bryan Cliffs Suite 676
Wrightbury, VI 10930",N,miles
98,Katherine Young,204-18-2480,"38513 Nancy Villages
Lindachester, HI 76819",N,miles
99,Anthony Lee,896-69-7022,"9543 Kayla Fields Apt. 307
East Bobbymouth, AR 47654",Y,miles
100,Andrew Schmitt,142-92-6727,"7542 Thomas Ports Suite 073
South Regina, MO 85836",Y,miles
101,Kaitlyn Sheppard DDS,787-82-4815,"16488 Jones Garden
East Lori, MN 53748",N,hours
102,Jorge Valdez,166-49-3262,"02303 Schneider Ville
North Tracyfort, AS 22145",N,hours
103,Tammy Harmon,133-03-7788,"685 Miller Gateway Suite 227
South Michaelville, MI 75727",Y,hours
104,Kevin Simpson,226-38-2040,"66437 Brian Harbor
New Caleb, FL 22847",Y,miles
105,Lisa Carlson,379-57-0954,"39290 Ronald Canyon
New Theresa, AZ 86669",N,miles
106,Carlos Jones,283-91-0164,"475 Matthew Valley Suite 236
East Austin, CA 68649",N,miles
107,Alicia Russo,519-99-0400,"13199 Garcia Station Suite 702
New Laura, WA 29860",N,miles
108,Jeffrey Mata,404-08-9761,"155 Banks Fields Suite 068
West Regina, OH 37728",Y,miles
109,Miss Nichole Turner MD,524-22-9359,"9703 Jennifer Brooks
South Steven, KY 57981",N,miles
110,Kevin Ramos,199-15-1117,"32024 Jennifer Pine
North Robinfurt, NE 72894",Y,miles
111,Carol Davis,418-33-0427,"03571 White Groves Apt. 974
North Jacob, WY 77820",Y,miles
112,Chelsea Adams,345-77-3335,"576 Palmer Wells Suite 504
Lake Christopherberg, MI 77864",Y,hours
113,Christopher Ramirez,344-58-6475,"1386 Garcia Mission Suite 411
North Victormouth, WV 65862",N,hours
114,Rachel Ross,891-40-2832,"8535 Lowery Harbors
Matthewsberg, NV 70010",Y,hours
115,Samantha Carpenter MD,886-54-5950,"4516 Katherine Village
Port Williammouth, MN 91784",N,miles
116,Adam Jackson,135-49-8714,"6643 Lawrence Harbors
Terristad, KY 36064",N,miles
117,Paul Jones,275-64-5802,"23490 Carpenter Forges
South Michael, NY 45638",Y,miles
118,Terry Lamb,060-73-4260,"70355 Smith Stravenue
Port Elizabethborough, IN 15409",N,hours
119,Karen Sutton,276-54-7055,"312 Lewis Parkway
New Jacqueline, TN 82916",Y,miles
120,Virginia Rodriguez,090-71-9343,"814 Luis Spurs
Edwardsview, AL 24186",Y,miles
121,Chelsea Murray,681-21-0584,"Unit 4096 Box 6318
DPO AE 94385",N,hours
122,Brent Garza,838-97-4471,"PSC 8583, Box 2593
APO AP 54828",Y,hours
123,Brandon Best,760-55-5337,"7206 Buckley Corner
New Keithfurt, PA 74237",Y,miles
124,Shawn Marshall,323-34-1774,"032 Wise Tunnel
Taylorborough, MT 11053",N,hours
125,Gregory Clark,206-35-3437,"41272 Sarah Brook Apt. 843
New Beverly, NE 50202",Y,hours
126,Sarah Scott,352-97-9673,"756 Chavez Oval
Mooreberg, SD 04195",Y,hours
127,Michael Bowen,782-55-9219,"757 Nichols Ford Suite 195
South Nicholasfort, ME 10032",N,miles
128,Brian Hayes,407-62-7250,"404 Singh Key Suite 644
Melaniefort, NM 22707",N,miles
129,Nathaniel Cox,885-18-7822,"060 Newton Village Apt. 012
Christopherside, AZ 22026",Y,miles
130,Kevin Drake,116-23-7260,"022 Manning Stravenue
Port Hunter, CA 10359",Y,miles
131,Mrs. Lori Cooke,169-54-6826,"50486 Michael Land Apt. 884
Schultzmouth, MT 60936",Y,miles
132,Kelly Moore,761-59-5790,"1522 Fowler Ramp
Michelleport, PA 91729",Y,hours
133,James Gomez,357-80-3176,"13210 Ferguson Crest
Alexandrafurt, VI 76561",N,miles
134,Lori Williams,663-52-1158,"00571 Adams Stream
Lopezton, VT 36728",N,hours
135,Tara Hurst,483-16-0593,"8548 Reid Lake
East Edwardtown, NC 70374",N,hours
136,Gary Collier,427-93-1975,"74233 Michael Inlet Suite 246
Jonathanland, ND 59712",Y,hours
137,Ms. Susan Ortiz,535-55-7060,"6322 Louis Glens
Stonestad, SD 13745",Y,hours
138,Nicole Jenkins,229-19-6766,"16925 Payne Fall Suite 435
Robertborough, MA 44481",N,hours
139,Diana Davila,799-89-7682,"63223 Amanda Locks
North Michaelmouth, MT 82595",Y,hours
140,David Clark Jr.,725-80-7415,"714 Torres Row Apt. 098
Laurenhaven, OH 13042",N,miles
141,Christy Estes,182-41-7901,"34037 Ann Burg Suite 123
North Robert, GA 41165",Y,miles
142,William Stevens,405-31-3536,"6679 Hull Spring
Lake Stephenland, FL 10729",Y,hours
143,Gene Peterson,793-89-9387,"87785 Rachel Mills Apt. 460
Nicolehaven, ME 55843",N,miles
144,Cynthia Taylor,692-16-6417,"USNV Evans
FPO AP 70779",N,hours
145,Kathleen Dunn,556-93-6420,"USCGC Obrien
FPO AE 16008",N,miles
146,Robert Greene,108-81-7338,"677 White Fords Suite 399
Christopherborough, CA 70122",Y,hours
147,Kelli Hayes,694-87-9392,"867 Brandon Shoals
Bryantown, LA 04428",N,miles
148,Louis Williams,611-34-6574,"691 Leslie Village Apt. 335
South Mark, WV 36903",N,hours
149,Thomas Russell,602-18-2083,"USCGC Campbell
FPO AE 86934",N,hours
150,Tonya Davis,863-54-7729,"583 Nicholas Well Suite 174
Carlosbury, AS 94725",Y,miles
151,Pamela Morris,028-26-9162,"1602 Rice Wells Suite 060
Cherylville, AS 46253",N,miles
152,Debra Phillips,861-03-1379,"746 Brown Lane Suite 768
West Kenneth, MI 95243",N,miles
153,Megan Rowland,664-49-9482,"Unit 9978 Box 7142
DPO AP 77829",N,hours
154,Amy Carr,135-47-0969,"840 Robert Camp Apt. 370
Masonside, FL 10644",N,hours
155,Travis Young,263-45-9129,"5702 Hodge Lodge
East Kimberlyport, MD 90276",Y,miles
156,Susan Johns,355-14-5240,"9185 Velazquez Haven
West Cody, FL 98562",Y,miles
157,Mario Goodman,254-50-2853,"1816 Barnett Street Suite 051
North Frankview, MS 31912",N,miles
158,Molly Bryant,053-13-6588,"697 John Points Suite 708
Brucefurt, SC 10198",N,hours
159,William Humphrey,674-70-5188,"973 Douglas Loop
South Tiffany, AR 73296",N,hours
160,Margaret Woods,713-48-1030,"2396 Skinner Lakes
Christopherfort, GA 43234",N,hours
161,Joshua Estrada,601-10-8568,"750 Tina Viaduct Apt. 811
Lake Alyssa, SD 83958",Y,hours
162,Wanda Chan,338-06-9031,"908 Edward Lights Suite 120
Leeton, TN 28302",Y,hours
163,Dana Santos,455-67-4352,"83546 Mark Underpass
Lake Rachaelview, IN 05912",Y,miles
164,Kirk Leon,379-39-7348,"9682 Duran Squares
Hensleymouth, WA 05354",N,hours
165,Meghan Snyder,612-92-6112,"484 Anderson Turnpike Apt. 008
West Bradleyside, ND 28198",Y,miles
166,Thomas Gordon,236-96-5704,"801 Johnson Road
Port Jeffrey, IA 37563",N,miles
167,Sarah Mccullough,387-68-9093,"08288 Joseph Run Suite 433
Karenland, SD 98899",N,hours
168,Raymond Garza,120-50-5241,"9342 Doyle Cape Suite 200
Mistychester, WY 43545",Y,hours
169,Sherry Boyle,176-16-4272,"720 Zachary Vista Suite 484
Maryberg, OK 96692",N,miles
170,Alicia Soto,887-24-8420,"USNS Simmons
FPO AP 73594",N,hours
171,Nicole Cooper,395-16-9676,"62011 Owens Burgs Apt. 552
Oscarland, IL 58512",N,hours
172,James Smith,494-25-2193,"022 Sarah Square Suite 528
Walkerside, NH 87564",N,miles
173,Amy Gomez,034-38-9789,"07834 Allen Streets Suite 379
New Allisonburgh, IA 78499",Y,hours
174,Richard Stewart,665-09-1506,"USNS Moss
FPO AP 84024",Y,hours
175,Colleen Campbell,181-01-7692,"376 Graves View
Harrisborough, CO 59244",Y,hours
176,William Ward,731-28-1488,"71393 Alexandra Landing Suite 720
Sparkshaven, VT 02448",Y,miles
177,Juan Martinez,767-13-5182,"934 Thomas Terrace Apt. 656
Michaelmouth, IN 59885",Y,miles
178,Shannon Fischer,706-30-2836,"5799 Ashley Walks Apt. 039
Michaelview, SC 83082",Y,miles
179,Paul Schaefer,209-71-2062,"39364 Jose Ridge
East Maryton, HI 82359",Y,hours
180,Juan Patrick,156-36-8341,"99638 Jessica Spur Apt. 204
East Daniel, AZ 04097",N,miles
181,Calvin Mendoza,629-60-5736,"8533 Erin Heights
Nataliemouth, IN 10317",Y,miles
182,Elizabeth Lawrence,052-48-7810,"37889 Dylan Dale
Port Brian, ID 22194",Y,miles
183,Michael Jones,366-82-2495,"27717 Monica Station Suite 249
Smithfurt, UT 67986",N,hours
184,Tina Ruiz,423-70-0934,"5358 Maria Ridge Suite 876
Port Michael, IL 94943",Y,hours
185,Jacqueline Wright,863-29-0660,"662 Dillon Stream
South Susanland, TX 70138",N,miles
186,Madison Rivera,247-34-8552,"58404 Lee Viaduct Apt. 023
Jeffreytown, DC 38380",N,miles
187,James Green,440-72-2780,"21116 Lyons Mills
North Lisamouth, AR 78779",Y,miles
188,Monica Stevens,546-99-4665,"963 Darrell Alley Apt. 666
Higginsport, VI 90202",Y,miles
189,Mr. Christopher Dean MD,681-24-2479,"74178 Case Garden Suite 849
East Katherine, WA 68488",N,hours
190,Misty Lester,871-67-2825,"94511 Joseph Walks
West Matthewton, MD 14623",Y,miles
191,Robert Ramirez,724-85-8040,"45396 Smith Bridge
Lake Charles, TX 01584",N,hours
192,Jonathan Strickland,330-39-6086,"58129 Karen Valley
South Thomasberg, GU 31206",N,hours
193,Bradley Knight,747-71-3271,"61410 Donna Drives
Lake Ronnieburgh, IA 93975",N,miles
194,James Jacobson,466-45-9326,"USNS Pierce
FPO AE 20489",Y,miles
195,Jeremy Jones,599-13-1113,"699 David Mews
New Lauriemouth, CT 52028",N,miles
196,Steven Roberson,354-05-2562,"84888 Johnston Avenue
Keyton, AL 03528",N,hours
197,Lisa Parsons,385-15-6814,"63820 Burns Mountains
Davidtown, GA 04300",Y,miles
198,Tracy Thornton,765-56-5928,"2740 Kelly Route
East Anthonyton, NM 79270",Y,miles
199,William Robinson,560-54-6300,"3509 Kellie Ranch
North Matthewberg, PW 85116",Y,hours
200,Matthew Hunt,336-02-9656,"53877 Kayla Summit
Hayesside, CA 81106",N,miles
201,Abigail Anderson,502-96-0952,"0557 Mark Drive Apt. 582
Underwoodhaven, MO 83724",N,hours
202,Gregory Wolfe,715-37-7285,"230 Joshua Forges Suite 932
Robertsside, FM 51522",Y,hours
203,Anne Holmes,003-52-9631,"9408 Foster Coves
West Brandon, TX 08136",N,miles
204,Robert Jimenez,708-18-1962,"PSC 9619, Box 6970
APO AE 46798",N,miles
205,Jordan Snyder,856-45-6255,"1915 Smith Hill Apt. 193
Kellyport, AR 74570",N,miles
206,Sheila Clark,015-88-2024,"PSC 9482, Box 6872
APO AP 76823",N,miles
207,Robert Hunter,308-60-4087,"435 Thomas Hills Suite 007
South Damon, NE 78857",Y,hours
208,Lawrence Marshall,550-90-0716,"15135 Watson Isle Suite 962
North Michael, WA 25283",Y,miles
209,Kimberly Johnson,093-29-3690,"2626 Berry Spring Apt. 793
Benitezstad, AR 00947",N,miles
210,Melissa Jones,357-84-3394,"PSC 0472, Box 4978
APO AE 73454",Y,hours
211,Ashley Foster,049-99-1587,"5613 Clark Knolls Suite 952
South Kara, WY 78159",N,miles
212,Colton Padilla,064-39-6726,"3252 Sanchez Island
West Heather, IL 88914",N,hours
213,Richard Stewart,289-76-9629,"7244 Alyssa Terrace Apt. 745
Lake Kimberlymouth, ID 06435",Y,hours
214,Michael Guzman,479-13-6620,"212 Andrew Mills Suite 413
South Kevinside, ME 52001",N,miles
215,Jill Harper,406-84-6955,"PSC 7214, Box 2773
APO AE 27606",Y,miles
216,Renee Benitez,878-37-3941,"9273 Latoya Well
West Christopher, NM 63611",N,miles
217,Shane Ballard,807-03-8562,"PSC 7736, Box 3911
APO AA 41153",N,hours
218,Benjamin Humphrey,636-45-1192,"124 Hernandez Tunnel
Hoffmanland, AR 40069",Y,miles
219,Michael Smith,787-49-1170,"688 Fields Hills Suite 670
Deniseport, MI 82558",Y,hours
220,Susan Medina,455-63-0309,"68828 Martinez Green
Port Angela, MN 91645",N,hours
221,Kenneth Ballard,840-58-2508,"010 Downs Run Suite 558
Riveraport, PR 56207",N,hours
222,Dylan Clark,734-81-0289,"6853 Cruz Ville Apt. 452
East Jacquelineton, ID 66386",Y,miles
223,Jerry Stevens,151-97-7710,"Unit 1594 Box 1796
DPO AA 40378",N,miles
224,Alyssa Young,679-46-3805,"197 Brian Rapid
Perezfurt, MT 22613",Y,hours
225,Karen Gomez,613-93-4225,"837 Kelly Rue
New Anthony, NJ 54487",Y,miles
226,Rebecca Hernandez,856-42-8280,"333 Mcintyre Creek Apt. 759
Ruizland, MI 43218",N,miles
227,Steven White,326-10-5891,"USNV Rodriguez
FPO AA 61893",N,miles
228,Brooke Carpenter,576-85-1782,"0127 Pacheco Hollow
South Eugene, NE 31475",Y,hours
229,Joshua Foster,815-26-8953,"088 Kayla Haven Apt. 574
New Colleen, OH 96352",Y,miles
230,Linda Golden,600-37-0039,"930 Alexis Mountain Suite 427
Lake Joanfort, MD 41324",N,hours
231,Victoria Richardson,825-68-5899,"USCGC Green
FPO AA 99330",Y,miles
232,Ryan Johnson,786-50-3872,"55418 Snyder Squares
Gonzaleztown, NY 27249",Y,hours
233,James Wood,623-23-0622,"0212 Stewart Turnpike Apt. 906
East Jason, MA 40891",Y,hours
234,Kathy Cortez,028-80-4116,"085 Ross Hollow
Colemanfort, NY 00836",Y,hours
235,Melissa Allen,795-99-9764,"3464 Sharon Oval
Victoriamouth, MH 78036",N,hours
236,Natalie Ortiz,738-67-0061,"940 Bailey Route
North Traci, ND 06945",N,miles
237,Emily Rasmussen,756-14-5580,"276 Zachary Lights Apt. 604
Lisaville, IL 94258",N,miles
238,James Valencia,360-90-7038,"45907 Jenkins Burgs Suite 442
Lindaside, MH 90004",N,hours
239,William Pittman,456-44-3763,"6911 Michael Station Apt. 532
South Krystal, MA 38628",Y,miles
240,Christopher Reilly,191-03-5520,"6527 Wesley Mall Apt. 029
Christinehaven, KY 57634",Y,hours
241,Rachel Taylor,228-64-9002,"574 Bradley Club
South Alexander, ND 48391",Y,hours
242,Anne Wilson,416-39-8375,"12884 Melanie Landing
West Christopher, AL 08837",N,hours
243,Lindsay Reyes,330-23-8593,"6277 Margaret Flat Apt. 877
East Kathleenside, RI 06706",Y,miles
244,Zachary Leblanc,826-92-7548,"9236 Kara Cove Suite 424
East Annetteburgh, MI 39271",N,hours
245,Cindy Ray,553-94-9878,"4354 Leblanc Crescent Apt. 684
West Michelle, NY 71190",N,hours
246,Danielle Sparks,013-02-9778,"176 Becker Tunnel
Danielview, ME 46851",Y,hours
247,Sherry James,525-14-5933,"29557 Atkinson Plains Apt. 574
New Nicolebury, GA 57917",N,hours
248,Marilyn Maldonado,842-24-2115,"8849 Erickson Camp Suite 989
North Marthaberg, TN 17230",N,hours
249,Marilyn Jones,479-26-3727,"27974 Hannah Island Apt. 622
Davidside, WY 01578",Y,miles
250,Stephen Burton,023-48-4212,"953 Scott Cliff Apt. 045
West Ryan, DE 31461",N,miles
251,Mark Jenkins MD,119-67-3087,"271 Romero Harbors
Lake Andrew, KS 35898",Y,hours
252,Daniel Burgess,194-21-0193,"231 Jennifer Estate
Lawrencechester, VA 16803",Y,hours
253,Monica Murphy,488-28-9075,"0051 Cunningham Meadows Suite 412
Lake Sherry, LA 36420",Y,miles
254,Lawrence Morgan,462-67-6919,"6089 Thompson Shoal
East Megan, AL 70500",N,miles
255,Jason French,620-20-2626,"2462 Garza Flats
Davisland, FM 54249",Y,hours
256,Christina Martin,024-08-1610,"USCGC Jones
FPO AE 09364",N,miles
257,Jane Butler,013-63-8627,"89535 Nguyen Lake
Nicholasmouth, SC 11818",Y,miles
258,Amy Farmer,801-99-4307,"76045 Stevens Mill
Rosalesshire, OH 08761",N,hours
259,Steven Stein,465-25-9841,"995 Pruitt Orchard
Lake Jeremy, IL 70471",N,miles
260,Michele Baker,260-57-6418,"08147 Jason Centers Apt. 263
Lake Heatherberg, WA 03847",N,hours
261,Norman Simmons,626-24-6857,"37428 Tanya River Apt. 717
Amandastad, MI 52142",Y,hours
262,Tommy Flores,864-50-8716,"323 Herrera Streets Suite 040
East Angela, GU 63323",Y,miles
263,Edward Bradley,402-01-2847,"86650 Courtney Haven Apt. 998
Brownfort, MD 21675",N,miles
264,Paul Blevins,591-06-7173,"04498 Donna Lake Apt. 675
Cindyburgh, WY 39755",Y,hours
265,Charles Grant,376-71-6959,"611 Allen Ford
East Christopherland, NC 51515",N,miles
266,Richard Payne,571-01-9642,"522 Thompson Terrace
West Margaret, NY 11041",Y,hours
267,Elizabeth Flores,544-03-7624,"9598 Martinez Point
Robertberg, OH 12565",Y,miles
268,Mackenzie Perez,145-44-4609,"091 Sarah Island Suite 971
Bowenland, NM 43662",Y,hours
269,Timothy Rogers,521-11-1774,"88776 Warren Course Apt. 930
Stokesstad, TN 83388",Y,miles
270,Krista Mccann,765-53-0828,"07219 Whitehead Overpass Apt. 291
South Gina, WY 80572",N,hours
271,Michael Pena,100-15-5116,"690 Christopher Gardens
New Kelly, DE 73530",N,hours
272,Veronica Phillips,036-43-2698,"580 Mark Mountains
Port Heidi, LA 29748",Y,miles
273,Andrew Taylor,867-57-5348,"529 Hebert Rest
East Melvinmouth, MO 86348",N,miles
274,Mrs. Sarah Garcia DDS,754-48-1069,"3812 Jessica Inlet Apt. 261
South Crystalbury, AL 58331",Y,miles
275,Judy Scott,656-25-2525,"97337 Jennifer Ranch
New Adrian, ND 84815",N,hours
276,Joshua Johnson,271-81-2165,"550 Clark Underpass Apt. 634
North Meganbury, PR 76460",N,hours
277,Kelly Harris,430-62-6079,"20206 Johnson Canyon Apt. 424
Codyport, MN 97214",N,miles
278,Elizabeth Lindsey,485-01-1962,"010 Sims Point Suite 718
North Jamesstad, ME 65733",N,miles
279,Dustin Morris,426-56-4965,"49587 Hall Meadows
Rodriguezfort, MI 26445",N,miles
280,James Miller,373-57-8039,"317 Russell Spring Suite 866
Mckeemouth, IL 41782",N,hours
281,Kathy Frey,035-64-4797,"999 Nathan Plaza Suite 838
West David, SC 65370",N,miles
282,Brandy Turner,864-76-6867,"64999 Nichole Fall
Lake Amandatown, FM 93837",N,hours
283,Chelsea Deleon,625-73-4233,"779 Valerie Walk
Raytown, KS 48695",N,miles
284,Luis Bass,627-34-7226,"398 Dillon Forks
Quinnshire, CA 76666",N,hours
285,Ryan Munoz,196-21-8186,"180 Makayla Circle
Randyshire, NE 74493",Y,hours
286,Angel Flynn,363-03-4723,"2568 Richard Lodge
East Kevin, PA 58708",N,hours
287,Janet Rice,727-64-4941,"13776 Watson Forges
South Mistyburgh, AK 11379",N,hours
288,Kimberly Garrett,443-44-2824,"31225 Alan Crescent
Rodriguezmouth, AS 05411",Y,hours
289,Nathan Garcia,490-03-1852,"036 Sherri Islands Suite 737
Port Jamesstad, VA 50705",N,hours
290,Isaiah Schultz,067-88-7945,"739 Robinson Isle
Danielleview, AS 79976",Y,hours
291,Kathryn Jones,103-61-1643,"5259 Griffith Ford Apt. 307
Debrahaven, NH 33663",N,hours
292,Patrick Quinn,439-90-2214,"9031 Kim Fall Suite 019
Lake Jerryville, MA 51687",N,hours
293,David Dodson,730-06-1801,"51605 Lori Radial Suite 195
Riverafurt, FM 07064",Y,miles
294,Scott Page,281-93-1241,"719 Hill Coves Apt. 579
Castilloshire, PW 83331",Y,hours
295,Kenneth Norris,388-24-3554,"2692 Manning Extensions Suite 583
West Danaburgh, AR 71548",N,miles
296,Mary Williams,794-33-4773,"86200 Erica Isle Suite 440
Salaschester, AK 38774",N,hours
297,Angela Miller,563-76-3954,"83309 Chelsea Via
South Shelleymouth, NM 55912",N,hours
298,Robert Gomez,037-94-9504,"0283 Hayes Wall Suite 483
Scottstad, IL 49251",N,miles
299,Anthony Marshall,412-58-8214,"USNS Howard
FPO AA 07996",Y,miles
300,Hannah Patel,816-10-6576,"888 Lee Hills Apt. 135
Mitchelltown, FL 64399",Y,hours
301,Pamela Mann,890-67-5294,"79817 Butler Island Apt. 639
East Jeffrey, OH 20590",Y,hours
302,Stephanie Taylor,110-52-0173,"0774 Joseph Centers
North Lynnstad, NH 07636",Y,miles
303,Aaron Rogers,621-88-3027,"5975 Butler Point Suite 615
North Veronicaton, NY 21233",Y,miles
304,James Cabrera,751-39-6546,"10907 Jonathan Inlet
Robertport, MN 10150",Y,miles
305,Marcus Castillo,197-67-9344,"69210 Chad Club
Morrischester, OK 32531",Y,hours
306,Terri Miller,679-15-6812,"8206 Mata Park
Marktown, LA 86872",Y,hours
307,Nicholas Robbins,221-80-9160,"94005 Emily Isle
Chandlerton, PW 99510",N,hours
308,Nicholas Hess,081-73-9657,"5564 Jorge Prairie
South Brandonberg, DC 37462",N,hours
309,Zachary Johnson,881-29-0675,"59518 Ramirez Stream
South Brandyfort, AZ 90292",N,hours
310,Hunter Lopez,450-06-1639,"8776 Mclean Gardens
Barneston, GA 70981",N,hours
311,Christopher Cherry,615-92-9781,"5395 John Brook
North Hannahhaven, AR 88437",N,hours
312,Amanda Harris,692-27-2710,"129 Thompson Trail
Lake Angela, PW 05804",N,miles
313,Brian Diaz,558-56-7957,"8744 Wilkinson Wall
West Meagan, ND 08556",Y,miles
314,Daniel Morgan,587-68-4583,"6098 Chapman Skyway Apt. 625
Matthewfort, SC 21645",N,hours
315,Patricia Torres,413-84-5872,"328 Johnson Turnpike
Christinafort, VI 60528",Y,hours
316,Ruben Mclean,832-95-2626,"1414 Nelson Springs Suite 229
West Pamela, SD 92872",N,hours
317,Charles Willis,454-33-8408,"4200 Robin Ports
Williamschester, MS 73021",Y,miles
318,Andrew Fox,675-24-1633,"005 Stephanie Pass
Port Karl, NY 78482",N,miles
319,Erica Woodward,716-04-8615,"163 Adams Prairie Suite 514
Dayville, IN 58865",Y,miles
320,Cynthia Zimmerman,584-11-8033,"4082 Chambers Lodge
Matthewport, IL 28008",N,hours
321,Andrea Neal,430-85-3988,"601 Terry Mills
Kelliberg, CA 76839",N,miles
322,Stephanie Smith,256-63-9996,"093 Ayala Springs
East Shannon, SD 54799",N,miles
323,Katherine Lee,411-74-8564,"Unit 0940 Box 5613
DPO AP 43797",Y,hours
324,Andrew Wells,651-51-5142,"961 Nancy Rest
Seanbury, GA 80303",N,hours
325,Charles Bridges,266-33-8789,"Unit 6024 Box 3708
DPO AA 65372",Y,hours
326,Alyssa Perez,263-60-4354,"735 Heather Lakes Suite 073
North Valerieborough, FM 45649",N,miles
327,Jamie Collins,129-39-7138,"710 Delacruz Divide
Mckenziebury, OH 56030",Y,miles
328,Elizabeth Rivera,325-35-7682,"83884 Jarvis Forge Apt. 179
New Tinaburgh, LA 37734",N,miles
329,Leroy Anderson,386-28-5586,"53387 Alan Crest
Port Amychester, HI 13281",Y,miles
330,Thomas Graham,737-17-1453,"73707 Miranda Ridge Suite 566
New Allison, MT 27407",N,miles
331,John Barker,830-81-4384,"76542 Gardner Mews
Jonathanside, VA 27490",N,miles
332,Miranda Mendoza,851-10-4294,"3513 Wright Junction Suite 309
Lauraview, AS 35112",Y,miles
333,James Carter,534-78-5780,"97184 Erin Center
West Jonathan, OR 86719",N,miles
334,Pedro Allen,050-44-3775,"628 Michael Grove
Lake John, MO 48539",Y,hours
335,Fernando Kelly,027-59-0787,"729 Emily Village Suite 387
Stevenfurt, PA 62906",Y,miles
336,Mary Floyd,021-84-4753,"89897 Rosales Extension
Victorchester, RI 46232",N,miles
337,Gary Harris,826-64-5669,"439 Diane Parkways
East Johnchester, NY 79874",N,miles
338,Craig Santos,745-20-3161,"9720 John Roads
South Gregoryview, PA 41196",N,miles
339,Shane Clay,579-52-0518,"061 Marshall Oval Suite 937
Port Henry, MS 30601",N,miles
340,Teresa Young,291-24-4159,"8070 Lisa Canyon
Whitneyshire, HI 67811",N,hours
341,Patricia Jackson,224-17-4289,"818 Knapp Walks
West Janetfort, MS 87007",N,hours
342,Nicholas Vincent,590-07-4351,"7675 Johnson Valleys
Port Taraberg, DC 84913",N,miles
343,Benjamin Atkins,106-95-4909,"6906 Jodi Mount Apt. 188
West Michaelton, TX 84046",Y,miles
344,Renee Rhodes,001-28-6062,"536 Victoria Plaza Suite 276
Port Emmafurt, IA 82420",Y,hours
345,Cole Hunt,470-81-1090,"3195 Jacobs Pines
North Robertton, AZ 48304",N,miles
346,Henry Gilbert,493-11-8175,"4999 Theresa Crossroad
Georgeburgh, MD 75207",Y,hours
347,Susan Sanchez,783-10-1558,"Unit 1584 Box 2491
DPO AE 17491",N,miles
348,Scott Cantu,837-81-9916,"19381 Branch Ridge Apt. 518
Lake Jeffrey, MT 17422",Y,hours
349,David Bell,749-52-6854,"27288 Roach Lake Apt. 211
Mikaylastad, DE 27426",Y,miles
350,Raymond Peters,359-65-8836,"07105 Burns Mews Suite 544
Mcdonaldmouth, OR 85901",N,hours
351,Peggy Love,063-97-1020,"2392 Cody Keys Apt. 564
Hillhaven, MA 42907",N,hours
352,Ronnie Smith,323-82-5492,"Unit 5229 Box 7705
DPO AE 07197",Y,hours
353,Kyle Whitaker,146-91-4889,"798 Robbins Brooks Suite 245
Coryville, TN 60880",Y,hours
354,Christina Martinez,157-39-7317,"12561 Jennifer Trace Apt. 396
Kevinborough, MN 87545",N,hours
355,Kristin Nunez,187-32-9808,"4890 Tran Hill Suite 605
New Kyle, ID 48186",N,hours
356,Robert Daniels,139-57-3160,"7204 Huff Way
Howellton, TX 33455",N,miles
357,Robin Rowland,272-51-8780,"8445 Clay Groves Suite 332
Michelleland, NE 11093",N,hours
358,Alex Trujillo,805-05-3601,"5323 Michael Village Suite 044
Port Codyborough, MT 31988",Y,miles
359,Robert Rivera,002-79-8866,"455 Desiree Groves
South Devinmouth, VA 21797",Y,miles
360,William Strickland,792-61-1281,"1897 Frances Forge Apt. 624
East Veronicamouth, AZ 80140",Y,miles
361,Anthony Campbell,780-08-6745,"6157 Jones Mountains Apt. 588
New Michelle, IL 36155",Y,hours
362,Thomas Briggs,204-52-9829,"634 Kelly Meadows Apt. 145
Leehaven, OR 05636",N,hours
363,Jenna Mcdonald,615-33-1518,"4082 Mcgrath Spurs Suite 675
Shermanchester, OK 41915",Y,hours
364,Miss Sheila Brewer DDS,171-07-8320,"3783 Palmer Mill
New Keithshire, KY 77965",N,hours
365,Erica Hull,489-91-1240,"USS Long
FPO AE 11385",Y,miles
366,Lisa White,540-92-9068,"901 Nancy Street
West Dustin, AL 51069",N,hours
367,Mindy Hernandez,449-59-4314,"815 Joseph Roads
West Jeffreyborough, AZ 54700",N,hours
368,Andrew Brady,061-96-7582,"266 Jones Fords Suite 582
Johnport, WI 76268",N,hours
369,Danielle Santos,594-51-6367,"588 Klein Trail
Jessicashire, VI 36150",N,miles
370,Alicia Jones,679-48-3377,"3353 Michael Court Suite 481
Port Gary, AZ 90060",N,hours
371,Andrew Madden,637-15-1281,"88895 Karen Road
East Bryan, SD 61166",N,hours
372,Sherri Cunningham,827-87-5152,"USNS Anderson
FPO AP 22611",N,hours
373,Ashley Williamson,596-09-3980,"5470 Judith Curve
Calvinberg, WV 30830",Y,miles
374,Katherine Luna,063-46-4485,"800 James Unions Suite 099
East Jason, MI 11203",Y,miles
375,Samantha Williamson,039-53-1739,"1346 Joshua Light Suite 912
Lake Kayla, CT 17904",Y,hours
376,Alicia Murphy,260-96-9557,"15138 Graves Ford
New Bethany, UT 93606",Y,miles
377,Mrs. Lindsey Rios,163-18-7470,"53777 Cassandra Stream
North Chelseyshire, DE 28698",Y,hours
378,Charles Gill,746-05-5590,"1300 White Rue
Seanland, OK 80323",N,miles
379,Heather Davis,091-38-0248,"23709 Andrade Ville
Jamesview, AR 97901",Y,hours
380,Jeffrey Edwards,664-88-4281,"28508 Evans Forges Suite 277
Acostaland, TN 28816",N,miles
381,Gregory Lopez,778-39-8623,"26118 Alison Rest Suite 987
Juarezside, NY 40651",Y,miles
382,Tyler Harris,762-70-0366,"29089 Doris Stravenue
West Charlesview, MH 71153",N,hours
383,Joseph Floyd,172-13-8780,"5718 Michael Meadow Apt. 767
South Steveberg, LA 52721",N,hours
384,Nicholas Morris,108-89-0816,"6060 Andrea Prairie Apt. 589
Joneston, ND 83465",Y,miles
385,Christopher Frazier,422-02-5711,"00902 Kristen Causeway Apt. 677
Jenniferburgh, MO 40773",N,miles
386,Matthew Evans,723-70-3779,"88262 Reid Skyway
Rogersburgh, ID 65862",N,hours
387,Anthony Gonzalez,797-25-9946,"87287 Kyle Forest
West Jessicaview, MO 90329",Y,hours
388,Caroline Lewis,586-93-8974,"650 Brown Via
Maryville, WV 08236",N,hours
389,Michael Vasquez,549-62-7613,"72673 Amy Parks
Port Kurtville, WY 51620",N,miles
390,Anthony Guerrero,290-50-9484,"Unit 2011 Box 4018
DPO AE 45416",Y,miles
391,Tamara Crosby,579-55-9286,"9360 Logan Village
New Carolynborough, KY 24132",N,hours
392,Pamela Harris,145-90-4897,"612 Thomas Parkways Apt. 113
South Wendy, MN 40798",N,hours
393,Stephen Dixon,780-71-6083,"1888 Walker Ferry
New Kelseyland, MN 54204",Y,hours
394,Donna Allen,609-81-1360,"60616 Spencer Knolls
Derekstad, MA 64086",N,miles
395,Jamie Thomas,693-37-1576,"2474 Lisa Garden
New Ricardofort, OK 27218",Y,hours
396,Gerald Riddle,693-72-4851,"727 Colon Pine
Joyceport, AR 37307",Y,hours
397,Melanie Hall,641-42-8091,"USNS Edwards
FPO AP 58246",N,miles
398,Anthony Brown,210-66-2852,"561 Jessica Garden Suite 226
Bethanychester, CT 43815",Y,miles
399,Jonathan Scott,330-84-8655,"89041 Wolf Inlet Apt. 079
Lake Kevin, PR 04256",N,miles
400,Shannon Levy,460-18-2532,"248 Stuart Brooks Apt. 283
Julieberg, VA 61361",Y,hours
401,Victor Taylor,744-91-7942,"58764 Jack Center Apt. 064
New Kayla, KY 06307",N,miles
402,Shannon Quinn,704-61-2202,"9049 Martinez Ferry Apt. 723
Jimbury, MO 28851",N,hours
403,Monica White,634-96-0421,"Unit 3120 Box 9727
DPO AA 54537",N,miles
404,Sheri Wise,077-15-8867,"35949 Knight River
Port Charles, SD 54615",Y,hours
405,Rodney Thompson,860-24-0821,"66338 Perez Park
Wilkersonborough, ND 82371",N,miles
406,Mrs. Elizabeth Meza,749-52-9376,"02106 Vanessa Freeway
Davidburgh, MT 46768",Y,miles
407,Mr. Robert Holmes,637-48-1539,"7977 Kristen Cliff Suite 519
Christopherborough, MP 90650",N,hours
408,Kyle Thompson,485-46-9433,"25734 Angela Lodge Apt. 214
Willisside, ID 34625",Y,hours
409,Ashley Brown,205-07-6218,"933 Wanda Spring
South Elizabethborough, DE 60359",Y,miles
410,Barbara Sharp,103-83-4084,"377 Johnson Pass Apt. 518
Julieport, MA 25006",Y,miles
411,Jesus Herrera,647-51-4714,"PSC 7429, Box 4100
APO AP 03351",Y,miles
412,Jeffery Johnson,230-20-9170,"70453 Cooke Overpass Apt. 332
Phillipsland, AL 86117",N,hours
413,Sabrina Mcknight,417-05-1377,"7287 Mcgrath Station Suite 566
Collinsmouth, WV 59939",N,miles
414,David Terry,177-18-8203,"05627 Kathleen Cove
Weaverbury, MN 52403",Y,miles
415,Christina Smith,746-80-2829,"01456 Katelyn Rapids
South Adam, VA 20316",Y,hours
416,Grant Owens,294-12-0183,"58009 Kevin Ridge
Lindastad, MD 95735",N,hours
417,Amanda Taylor,079-69-5169,"527 Michael Cape Apt. 712
Dustinview, NC 90654",Y,miles
418,Darrell Shaffer,293-12-8880,"106 Deanna Mill Suite 941
Acostastad, HI 35986",Y,hours
419,Victoria Powell,284-92-8573,"9622 Brown Walks Suite 550
Martinmouth, IA 10492",Y,miles
420,Linda Henry,124-37-6392,"5858 Adam Spurs
South Frederickside, RI 07886",Y,hours
421,Krista Reynolds,613-33-7623,"542 Karen Mount Apt. 232
Khanton, KS 11652",N,hours
422,James Kim,296-56-9697,"142 Dawson Squares Apt. 363
Wesleyhaven, GA 23864",N,hours
423,Jennifer Flowers,320-71-6224,"37157 Whitney Ville Suite 629
West Ashley, PW 40936",N,miles
424,Andrea Moss,702-85-7046,"9130 Robert Fords Apt. 817
North Donnaville, IA 74836",Y,miles
425,Mark Gonzalez,566-69-6509,"92064 Justin Skyway
Marshallburgh, HI 73539",N,miles
426,Courtney Rodriguez,835-01-2112,"297 Young Brook Suite 378
Lake Elaine, RI 17440",N,hours
427,Lauren Massey,631-99-5878,"504 Johnson Harbor
Oliviashire, MH 59160",N,hours
428,James Palmer,385-02-1336,"326 Lance Wall Suite 514
Amandaburgh, AZ 73306",N,hours
429,Ashley Russell,766-63-6248,"125 Matthew Rest
East Elizabethfort, LA 37025",Y,miles
430,John Navarro,566-14-1305,"50544 Martin Causeway
Milesburgh, PR 00502",N,hours
431,Debra Medina,199-08-2737,"11110 Myers Mountains Suite 212
New Kylefurt, AZ 26772",N,hours
432,Daniel Jackson,583-60-5757,"4174 Maynard Avenue
Lake Josetown, SC 07004",N,miles
433,Morgan Stafford,574-99-9275,"840 Martinez Manors
Brendafurt, PW 00655",N,miles
434,Amy Mcguire,035-23-0832,"459 Henry Glen
New Victor, UT 89374",Y,hours
435,James Dean,777-78-8568,"42408 Nguyen Orchard
Jessicamouth, PR 37732",Y,hours
436,Gabrielle Evans,899-55-3959,"966 Bowers Fields Apt. 541
South Ivanport, ID 43509",N,hours
437,Jennifer Foster,719-27-3516,"44090 Clayton Street
North Beverly, AS 32914",N,hours
438,Bonnie Fox,444-74-7364,"9174 Eugene Oval Suite 813
Ambermouth, WI 31247",N,hours
439,Kathryn Morse,160-12-1795,"2411 Moore Creek
North Jessicaville, FL 78509",N,hours
440,Hunter Kim,608-47-4282,"90799 Davis Route
Rebeccaside, RI 09202",Y,miles
441,Elizabeth Johnson,622-95-2957,"63352 Joseph Plaza
North Gary, OR 43197",Y,miles
442,Kristina Anderson,685-29-8609,"0068 John Square Apt. 705
South Shelby, TN 43919",N,hours
443,Robert Parker,612-55-3368,"28232 Megan Row Apt. 995
North Carlosborough, KY 51180",N,miles
444,Teresa Warren,879-12-9231,"1546 Harris Haven
East Valerie, WA 91024",N,miles
445,Timothy Reid,899-76-1147,"5695 Graves Mills
New Shelley, AR 61170",N,miles
446,Christopher Fisher,343-87-4511,"4315 Jennifer Causeway
West Samantha, FM 65387",N,hours
447,Alexa Wood,156-33-0028,"16185 Bowman Path Suite 742
New Randy, SD 64276",Y,hours
448,Felicia Hansen,208-51-8040,"53486 Michael Hill Suite 597
North Karen, IL 64059",N,miles
449,Angel Jones,717-61-3190,"848 Hughes Field Apt. 986
Maddoxport, NY 56572",Y,hours
450,David Wade,278-37-2296,"88338 White Road
Morrisshire, FM 44111",Y,hours
451,Javier Jacobs,633-23-1540,"85897 Harmon Inlet
Mariaview, MI 81049",N,miles
452,Laura Garcia,162-12-1775,"522 Gonzalez Garden Suite 579
East Candice, DC 32944",Y,miles
453,Matthew Wilson,677-30-2636,"861 Alvarez Lodge Apt. 035
Hoodbury, PA 68278",Y,hours
454,Mary George,768-58-1775,"4020 Wallace Oval
Edwardbury, DC 99545",Y,hours
455,Alexandra Scott,805-51-3264,"008 Jeffrey Center Apt. 481
Loganborough, TX 71988",Y,hours
456,Barbara Conner,068-61-7160,"2453 Banks Ford Suite 872
Salashaven, ID 48727",N,hours
457,Kevin Garcia,486-19-7604,"84865 Jessica Manor Apt. 008
Vaughnshire, FL 22851",N,hours
458,Jeff Frey,370-47-8349,"Unit 8114 Box 3844
DPO AP 27202",N,hours
459,Vanessa Harris,463-68-6370,"0493 Christine Via
Kevinshire, KY 21605",N,hours
460,Corey Gutierrez,781-28-6488,"73013 Lee Plains
Frankside, WV 69507",N,hours
461,Luke Hernandez,348-91-4256,"62419 Beth Dale Apt. 908
Heatherfort, FM 14252",Y,miles
462,Jeanne Campbell,767-53-2565,"11929 Tina Loop
New Ryanville, WA 30458",N,miles
463,Troy Montgomery,068-37-8514,"1922 Ryan Crescent
Johnstad, DC 27066",N,miles
464,Kathleen Lee,776-58-2020,"6510 William Center Apt. 624
North Marthaborough, HI 86447",N,hours
465,Mitchell Brown,479-93-3435,"375 Carter Stream
South Destiny, CO 68862",Y,miles
466,Patricia Williams,065-18-9563,"603 Zachary Extension Apt. 369
Janettown, VT 88838",N,hours
467,Thomas Navarro,127-16-7481,"70634 Wayne Way
Mitchellville, KS 23985",N,hours
468,Elizabeth Jones,514-42-7124,"76179 Lisa Parks
Knightfort, TX 67365",N,hours
469,Marc Mathis,447-68-5595,"4794 Stephen Meadows Suite 429
Donaldberg, RI 55934",N,hours
470,Erin Martinez,648-38-3150,"246 Barton Island Suite 248
Larsonshire, AL 86173",Y,hours
471,Christina Smith,512-38-5825,"83021 Farrell Mills Suite 884
South Jill, MP 69905",N,miles
472,Jessica Johnson,270-38-0922,"729 Nathan Harbor Suite 565
Rebeccaberg, PW 01530",N,miles
473,Michael Ford,577-45-5643,"15423 Michael Hill
West David, ME 00656",N,hours
474,Michael Davidson,319-41-8256,"998 Michael Knoll Apt. 109
Nicolefort, NE 54358",Y,hours
475,Donna Snow,677-63-5042,"629 Sheri Mountain Suite 403
North Brandyton, NJ 29222",N,miles
476,Timothy Branch,816-82-2189,"567 Lynch Lodge Suite 939
Christinaberg, MD 29525",Y,miles
477,Joseph Adams,720-53-5356,"125 Katherine Prairie
Ericborough, NY 09386",N,miles
478,John Mcfarland,641-80-5572,"91957 Ryan Haven Suite 772
Lake Austinberg, MN 95863",Y,hours
479,Michelle Murphy,297-26-1072,"0933 Christopher Avenue Apt. 868
Kaylafurt, GU 27271",Y,miles
480,Nathan Wood,467-69-8856,"418 Shane Point
Michellemouth, NC 88266",N,miles
481,Todd King,488-75-5446,"0200 Peterson River Apt. 431
Harperview, OK 71281",Y,miles
482,Laura Parker,719-78-0779,"PSC 3498, Box 9401
APO AP 78482",Y,hours
483,Dustin Mullins,839-93-5271,"16052 Dalton Islands
Ochoaville, UT 08205",N,hours
484,Katherine Robinson,572-41-1019,"4360 Christopher Village
Lake Michael, RI 44101",N,miles
485,Andrea Smith,868-97-7907,"01933 Yu Mountains Apt. 923
East Jennifer, MI 33890",N,miles
486,Holly Wallace,180-72-9094,"659 Vanessa Manor Apt. 170
New Emilyburgh, CT 46951",N,miles
487,Nina Smith,793-17-8639,"2143 Thomas Track
South Michael, CA 94097",Y,hours
488,Joseph Howard,156-64-4660,"6219 Sexton Mountains
South Melissa, DC 66241",N,miles
489,Luis Jones,782-36-2865,"5668 Richard Village
North Maryshire, OK 88639",Y,hours
490,Cheryl Bowen,170-13-5510,"5502 Gonzales Hills Apt. 160
Rowetown, AS 42632",N,hours
491,Glenda Mitchell,872-41-4076,"84558 Cochran Circles Suite 075
Lewisfurt, SD 14449",N,miles
492,Taylor Newman,181-08-0381,"2474 Johnson Walk Suite 073
Padillastad, FL 15682",N,hours
493,Tracy Schaefer,796-28-0540,"20487 William Haven Suite 489
Martineztown, MD 98539",N,hours
494,Kayla Knight,264-99-5480,"1850 Lisa Motorway Suite 054
Ronaldburgh, ME 14428",N,hours
495,Vincent Mclaughlin,381-40-3345,"732 Adam Greens Apt. 556
Wilsonland, PR 03253",Y,miles
496,Douglas Pace,117-44-2943,"Unit 4085 Box 0814
DPO AA 92488",N,hours
497,Shelly Norman,037-09-5660,"23777 Burns Pike
Williamsonmouth, CT 83203",Y,hours
498,Virginia Robinson,715-42-6026,"5705 Lewis Bypass Apt. 886
New Veronica, GU 90126",N,miles
499,Alexa Benitez,176-22-6862,"5907 Chad Burgs
Catherinefurt, ID 20302",Y,miles
500,Bryan Harris,627-19-1438,"442 Valenzuela Way
West Betty, KS 89046",Y,miles
501,Heather Morales,256-40-8847,"60921 Smith Spurs
North Kristin, HI 04088",Y,miles
502,Robert Cline,572-37-7950,"106 White Roads Apt. 535
Williemouth, NJ 02539",N,hours
503,Jennifer Green,860-68-7478,"USCGC Warner
FPO AP 78621",N,miles
504,Michelle Watson,055-63-9906,"Unit 9278 Box 2845
DPO AP 41390",N,miles
505,Zachary Bell,397-65-2571,"45543 Linda Way Apt. 457
Burnetttown, LA 26845",Y,miles
506,Paula Chambers,223-13-7487,"338 Ryan Mountain Suite 088
Robinland, MS 39141",N,hours
507,Dustin Brown,599-15-5469,"37530 Acevedo Bypass
West Anthonystad, CA 31218",N,hours
508,Alan Chapman,602-25-5782,"947 Patricia Port Suite 011
Snyderside, CT 07877",Y,hours
509,Karen Martin,411-82-1379,"751 Terri Manors
West Jennifer, IL 86141",N,miles
510,Eric Jordan,256-61-9204,"058 Ramos Run Suite 155
East Tracyberg, LA 95729",N,hours
511,Edward Pierce,810-68-2435,"215 Baker Glen Suite 673
Andrewtown, LA 61592",Y,miles
512,Robert Valentine,342-75-5023,"PSC 1652, Box 1912
APO AA 17455",N,miles
513,Andrea Miller,421-50-3596,"8413 Benjamin Road
East Paige, WA 97558",N,hours
514,David Edwards,469-56-1764,"954 Derek Rapids Suite 764
Port Jonathanchester, AK 63659",Y,hours
515,Clayton Gordon,676-34-2559,"Unit 6974 Box 5264
DPO AP 67087",N,miles
516,Jessica Cardenas,061-42-5434,"8837 John Way Apt. 657
Carolmouth, OK 41063",N,miles
517,David Smith,266-24-3990,"72316 Judy Forks Suite 652
Port Joeport, IL 75619",Y,hours
518,Jennifer Payne,622-71-2746,"76812 Greer Rapids Suite 291
Port Hannahburgh, ID 77972",N,miles
519,Terry Prince,010-70-6478,"37347 Montes Extension
Markborough, OK 87649",N,hours
520,Zachary Delacruz,116-37-8064,"988 Cooper Centers
East Gabriel, KS 96434",N,hours
521,Michelle Norris,043-25-9528,"573 Johnson Plains
West Nicholas, WI 08751",Y,hours
522,Jonathan Martinez,375-12-7423,"18715 Mark Shore Apt. 669
Wilsonfurt, VT 89344",N,hours
523,Juan Strickland,830-41-3884,"692 Kimberly Mill Apt. 402
Sanchezhaven, AL 17178",Y,hours
524,Stephen Williams,007-38-3627,"7978 Castillo Gardens Suite 130
West Brittneyborough, ID 40318",Y,miles
525,Donna Kelley,543-15-0121,"92818 Kimberly Spur
Antoniomouth, NH 07017",Y,miles
526,Susan Sweeney,092-24-9049,"5484 Rachel Circles
Brownville, NE 44108",Y,hours
527,Rickey Obrien,295-65-9756,"644 Howell Via
Mirandaside, IN 62479",N,miles
528,Michael Galvan MD,451-69-4151,"5204 Johnson Ways
Chapmanchester, PA 52989",N,hours
529,Michelle Johnson,870-94-1450,"6120 Rogers Park Apt. 493
West Phyllis, NJ 75803",Y,miles
530,Stephen Cantu,694-35-9279,"73418 Lori Mountain Apt. 722
West Tiffanychester, ND 71831",Y,hours
531,Ashlee Shaw,381-98-6238,"0133 Brandon Viaduct
North Rebecca, OK 15394",N,hours
532,Randy Fernandez,271-63-9922,"66216 Russell Crescent
South Jenniferhaven, OH 44020",N,miles
533,Jenna Steele,804-76-7578,"29278 May Pike
East Melanieside, GU 61136",N,miles
534,Nicole Smith,702-12-6825,"51862 Flores Flat
South Veronica, LA 42270",Y,miles
535,Patricia Rodgers,722-57-7563,"550 Steele Ville Suite 619
North Anthony, WA 68456",N,miles
536,Travis Guerrero,896-52-1278,"2234 Williams Harbors Suite 155
Scottbury, KS 53220",Y,miles
537,Gary Rhodes,408-51-6571,"USCGC Holder
FPO AA 79951",N,miles
538,Shannon Fuentes,846-09-8237,"03837 Kelly Rest
Jacksonview, NC 85957",N,miles
539,Danny West,187-60-7053,"PSC 5118, Box 2054
APO AE 78770",Y,miles
540,Craig Henderson,427-35-5939,"0088 Robert Fields Suite 830
Griffinborough, AS 43650",N,miles
541,Michael Taylor,671-64-4768,"665 Strong Throughway
West Christine, LA 56657",N,miles
542,Colton Lewis,537-65-8805,"904 Valenzuela Lock Suite 624
Danielstad, CA 22446",Y,hours
543,Jason Malone,457-40-7505,"13794 Goodman Field
New Christine, AS 38829",Y,miles
544,Adam Mcdaniel,148-74-8745,"8961 Stephen Ports Suite 051
Scottshire, PR 38338",N,hours
545,Mike Russell,051-01-2451,"141 Stanley Fork
South Alexisborough, SC 99315",Y,miles
546,Edward Robinson,041-61-5361,"552 Michele Alley
East Courtneymouth, IN 28737",N,hours
547,Jessica Jackson,275-43-3400,"290 Dodson Courts Suite 480
East Michael, AR 99592",N,miles
548,Destiny Hoffman,251-10-2437,"28614 Kristie Square Suite 914
Davisfurt, NE 38272",N,miles
549,Brian Thomas,325-82-1686,"USS Lowe
FPO AE 95832",Y,miles
550,Andrew Davis,831-72-6238,"87919 Watson Road
Lake Seanmouth, NM 99945",Y,miles
551,Christopher Thompson,727-47-3922,"423 Richard Shoals Suite 591
Port Cody, IN 56115",Y,miles
552,Matthew Ray,488-53-5089,"71929 Guy Land Apt. 797
Rebeccafort, VI 65905",Y,miles
553,John Scott,739-96-9183,"37541 Wright Islands Suite 822
East Wendymouth, NC 90568",N,hours
554,David Lee,742-49-4260,"68616 Robin Trail Apt. 120
Port Cindy, CA 11890",Y,miles
555,Joseph Davis,587-02-1682,"PSC 1716, Box 6751
APO AA 89224",N,hours
556,Adam Foster,112-26-7551,"245 King Course Apt. 690
Whiteville, MD 01744",N,hours
557,Joshua Butler,224-96-2755,"778 Thompson Parkway Suite 443
Bonniebury, MI 56386",Y,hours
558,Hannah Haynes,188-72-4472,"0017 Karen Key Apt. 277
Jonesport, AL 90486",Y,hours
559,Terri Johnson,135-55-2789,"PSC 9792, Box 6429
APO AP 44945",N,miles
560,Maria Dominguez,033-49-1690,"957 Kennedy Wall
East Caleb, AK 63612",Y,miles
561,Christopher Marquez,559-28-0285,"099 Cynthia Burgs Apt. 827
Josephview, IA 58732",N,miles
562,Stacy Vasquez,490-71-9821,"21268 Ruben Stravenue Apt. 358
Hughesstad, IA 01714",Y,miles
563,Andrea Nunez MD,331-51-6310,"637 Brandon Lane
Rachelbury, GU 00512",N,miles
564,Cathy Baker,028-02-5349,"914 John Centers Suite 211
New Bryan, WY 60017",N,miles
565,Jody Brown,329-72-3494,"943 Michael Flats
Evelynfort, MA 52539",Y,miles
566,Shawn Gray,129-28-5853,"95621 Stokes Key
Lake Laura, NH 01586",Y,miles
567,Jessica Henderson,778-93-2342,"93270 Peterson Ferry Suite 360
East Melanieberg, NE 17085",Y,hours
568,Adam Munoz,177-72-3116,"205 Anthony Keys Apt. 060
North Chase, ID 62461",Y,miles
569,Walter Cross,122-39-7421,"49428 Felicia Row
Cooperborough, PR 54665",Y,miles
570,Angela Shields,232-59-5488,"40017 Gonzalez Lodge
New Billy, NM 10165",N,hours
571,Amber Moore,668-01-2788,"902 Campos Inlet Apt. 549
West Joseph, NY 74740",Y,miles
572,Kelly Farmer,185-85-1814,"186 Kelly Trafficway
Tracychester, VI 15279",N,hours
573,Zachary Jackson,276-77-2067,"13203 Gonzalez Rapids Apt. 375
Robinsonmouth, GA 02035",Y,miles
574,Connor Cohen,061-43-1508,"6715 Rodriguez Groves
New Michael, DE 25846",Y,hours
575,Amy Miller,644-65-4323,"478 Peters Plaza
Johnsonhaven, LA 37427",N,miles
576,Christopher Ruiz,713-24-2474,"93470 Thompson Ville Suite 122
New Janetport, MN 80939",Y,hours
577,Brett Hanna,423-40-9293,"USNS Skinner
FPO AA 53868",Y,hours
578,Rebecca Taylor,708-60-3771,"917 Walsh Turnpike Apt. 945
Kristinstad, NE 66210",N,miles
579,Christine Young,259-29-7982,"925 Toni Stream Suite 915
Lewisborough, DE 88441",Y,hours
580,Curtis Lewis,470-17-3302,"193 Christopher Oval Apt. 393
Ronnieburgh, OR 57032",N,hours
581,Heather Savage,048-31-5730,"977 Edwards Roads
South Jenna, NY 37189",Y,miles
582,Kristin Taylor,635-79-9389,"2421 Jennings Ford
Wesleyside, TN 54320",Y,hours
583,Wendy Sharp,026-86-4847,"9432 Ramirez Lake Apt. 664
Kennethborough, KY 62026",N,hours
584,Charles Williams,151-64-3998,"9455 Lopez Green Suite 485
Johnsonside, MN 50930",Y,hours
585,Daniel Byrd,360-69-8441,"17649 Amanda Drives Suite 597
Lake Nicole, HI 89022",Y,hours
586,Robert Boyer,533-83-1538,"19576 Fowler Points Suite 362
Newmanview, PA 61320",N,miles
587,Susan Osborne,426-43-4003,"342 Brown Route
Velasquezton, ND 34968",Y,hours
588,Christina Peck,359-84-7090,"96638 Donald Row Suite 478
North Jenniferport, KS 19603",Y,miles
589,Brandon Douglas,715-33-9836,"9559 Mitchell Overpass Apt. 240
East Chloe, DC 68713",Y,miles
590,Gregory Flowers,777-60-0782,"9593 Snyder Shoal
Nguyenport, IA 29126",Y,hours
591,Matthew Stanley,197-11-4398,"39825 Richard Highway
Patrickfurt, PR 88439",N,miles
592,Michael Phillips,472-91-2154,"839 Rachel Vista Apt. 862
New Haleymouth, AZ 88632",N,miles
593,Jose Lee,763-87-6571,"871 Foster Overpass Suite 750
Delgadomouth, RI 80111",N,miles
594,Kimberly Burton,111-26-9128,"USCGC Brown
FPO AA 32993",N,hours
595,Randy Simpson,208-87-4754,"99626 Mitchell Gardens Apt. 718
West Mistyfurt, WY 41300",Y,hours
596,Eric Lozano,653-84-0394,"PSC 5662, Box 0246
APO AA 37226",Y,hours
597,Wendy Jackson,117-29-9999,"PSC 6346, Box 0666
APO AE 72094",N,miles
598,Amy Jensen,802-73-6844,"658 Burgess Rue
Paulhaven, SC 43464",N,hours
599,Thomas Medina,558-94-9585,"005 Meyer Ways
West Feliciabury, GA 64778",Y,miles
600,Angela Campbell,356-16-9668,"900 Tanya Drives
Woodberg, NC 67496",N,hours
601,Alvin May PhD,077-62-3874,"5494 Matthew Key Suite 487
North George, AZ 33927",N,miles
602,Erik Martin,754-13-5468,"USS Sanchez
FPO AA 87732",Y,miles
603,Patricia Avila,876-08-9197,"Unit 1142 Box 6231
DPO AA 52278",N,miles
604,David Gonzalez,618-08-4184,"8333 Dodson Junction Apt. 741
East Robertview, GU 57703",Y,miles
605,Daniel Franklin,479-13-0532,"95948 Spencer Mountains
Port Stephen, MH 82714",Y,hours
606,Cathy Dunlap,478-29-4905,"87665 David Stravenue
South Davidmouth, UT 87264",Y,hours
607,Daniel Boyd,230-21-4176,"657 Eaton Knoll Apt. 991
Dwayneshire, NE 33823",N,hours
608,Stephen Price,715-79-8741,"9876 Debra Port
Scottberg, LA 61126",N,hours
609,Lisa Fisher,852-71-7970,"984 Kim Lake
Susanborough, DE 19569",Y,miles
610,William Pierce,176-57-7279,"566 Robert Locks Suite 857
Paulside, WV 36929",Y,hours
611,Steven Howard,608-41-9971,"9793 Smith Stravenue Suite 642
West Matthewside, KY 85996",N,hours
612,Sara Rice,835-85-5870,"573 Judy Estates Apt. 228
West Andrewstad, CA 20099",Y,miles
613,Kelly Chase,632-06-6005,"4637 William Loop Suite 701
Wrighthaven, ID 15525",N,miles
614,Teresa Waters,717-94-6242,"0848 Mason Field
Port Alyssa, MA 62180",N,miles
615,Richard Davis,409-05-9828,"PSC 7661, Box 2935
APO AA 96993",Y,hours
616,Keith Harmon,630-25-6167,"9187 Kenneth Spring Apt. 449
West Theresa, IL 36595",Y,miles
617,Michael Smith,117-79-1899,"61229 Jason Light Suite 771
East Dianastad, VA 80952",N,hours
618,Mrs. Sara Smith,445-44-4816,"2959 Peterson Fort Suite 702
Carriestad, PW 41006",N,miles
619,Bryan Thomas,674-31-7078,"3548 Thomas Station Apt. 537
New Eric, NY 94915",N,miles
620,Brittany Quinn,075-97-6679,"575 Stewart Gardens
Buchananfort, WA 88782",N,hours
621,Dr. Stephanie Hall,153-14-6607,"0323 Joseph Landing
West Sarah, NE 11767",Y,hours
622,Troy Roth,221-19-3186,"40260 Jacob Ports Suite 426
South Sandra, HI 63498",Y,hours
623,Paul Peters,117-42-8485,"039 Kevin Road Suite 351
Christinamouth, OR 61624",Y,miles
624,John Smith,472-95-5797,"Unit 8703 Box 4038
DPO AE 73496",N,hours
625,Mark Coleman,822-17-7280,"5661 Mejia Lodge
Nataliemouth, MD 66656",N,miles
626,Gary Rodriguez,367-29-4562,"115 Sherry Course Apt. 744
Samanthachester, DC 24103",N,miles
627,James Brown,379-99-6962,"114 Valerie Ferry
Collinsburgh, NY 50808",N,miles
628,Jeremy Melendez,257-21-0323,"1754 Stefanie Parkway
West Michael, PR 77676",N,miles
629,Dwayne Henson,653-53-6764,"4181 Middleton Camp Suite 661
East Kathleen, NY 89802",N,hours
630,Christopher Nolan,114-58-4555,"PSC 2590, Box 8462
APO AP 86852",Y,miles
631,Marcus Bailey,559-64-0415,"0699 Andrew Mills Apt. 892
South Donna, SD 20269",N,miles
632,Carolyn Garza,591-63-2385,"6543 Bryan Brooks Apt. 392
Allisonland, AZ 29847",Y,miles
633,Veronica Mcgrath,743-45-0208,"339 Sandra Locks
New Matthew, HI 53359",Y,miles
634,Haley Smith,536-65-4848,"53473 Robyn Wells
Dennisfurt, WV 19540",Y,miles
635,Richard Franklin,644-75-8535,"80255 Connor Isle Apt. 024
Carrieside, TN 07219",N,miles
636,Andrew Taylor,452-55-4200,"72195 William Path Apt. 474
Perryshire, GU 73943",N,hours
637,Jerry Cox,420-41-5423,"099 Robert Skyway Apt. 925
West Lisa, CO 77347",N,hours
638,Matthew Powell,126-98-1138,"0308 Walker Rapids
Lake Amybury, DC 93005",N,hours
639,Jacob Thompson,054-76-3202,"62555 Stevens Rue
New Angelmouth, MT 66777",N,miles
640,Lynn Schneider,401-94-3064,"58351 Carmen Place Suite 394
West Beth, UT 88277",Y,miles
641,Michael Brown,566-85-2351,"64334 Zavala Union
South Rhondaside, CT 98012",N,miles
642,Charles Gordon,268-99-6769,"744 Young Heights
North Andrew, OH 10460",N,hours
643,Christina Klein,574-20-9182,"2571 Derrick Lodge
Kristaburgh, OK 30273",Y,miles
644,Michelle Frazier,806-62-3446,"552 Richard Villages
South Melanie, VT 17590",N,miles
645,Charles Smith,756-96-1577,"25947 Kirby Bridge Suite 894
Port Michael, NH 22482",N,miles
646,Seth Ross,750-75-0398,"13139 Weaver Knoll
Port Gregory, FL 50641",Y,miles
647,William Allen,333-76-5964,"438 Jackson Lock Apt. 214
Markside, KS 36167",N,miles
648,Richard Willis,437-69-0782,"307 Carter Pines Apt. 837
Clarkport, MS 49075",N,hours
649,Cynthia Long MD,060-80-0709,"0248 Lindsay Curve Apt. 925
Benjaminmouth, SD 07945",Y,miles
650,Shelby Ford,086-11-9705,"778 William Mission Apt. 647
West Cindy, VI 78734",Y,miles
651,Amy Taylor,228-39-9289,"795 Elizabeth Inlet
Lake Desireechester, GU 96418",N,hours
652,Jessica Johnson,395-63-5079,"498 Smith Road Apt. 549
East Dustinview, OH 19972",Y,hours
653,Ricky Lin,709-88-8063,"504 Walker Junction Suite 228
West Michaelstad, WA 51150",N,miles
654,Alexander Barker,836-84-4754,"6743 Eddie Station Apt. 299
Leeborough, AS 22064",N,hours
655,Alexis Adams,406-24-9585,"Unit 0009 Box 9263
DPO AP 27987",Y,hours
656,Mark Suarez,671-50-2579,"6959 Priscilla Mills
Jenniferborough, CT 24119",Y,hours
657,David Klein,440-17-4397,"3965 Brandy Knolls
North Alexatown, TN 16818",Y,miles
658,Sharon Doyle,336-36-7044,"PSC 7252, Box 8188
APO AA 26967",Y,miles
659,Eileen Robinson,760-77-5790,"930 Joseph Mall Suite 722
New Amanda, GU 08101",Y,miles
660,Angela Nguyen PhD,451-81-8900,"376 Eric Manor
New Daniellemouth, OK 14250",Y,hours
661,Diane Williams,594-12-1857,"4573 Michael Pike Suite 097
Port Barry, FL 79688",Y,hours
662,Christopher Rogers,143-40-8533,"451 Christopher Green Apt. 464
Michelleton, FM 69607",N,hours
663,Jessica Lewis,686-95-7329,"46391 Philip Causeway
Arnoldfurt, NY 11298",N,miles
664,Jeffrey Harrison,556-83-5579,"6789 Molina Extension
Pattersonfurt, ND 36890",N,hours
665,Elizabeth Brown,126-13-9865,"97074 Lynn Ridges
Johnsonmouth, MN 62378",N,hours
666,Lauren Miller,509-83-2545,"887 Heidi Flats
North Timothyhaven, DC 34033",Y,hours
667,Karen Curtis,879-84-9627,"Unit 9254 Box 8390
DPO AP 22885",Y,hours
668,Denise Gray,614-59-1450,"208 Valentine View
Alexandermouth, MP 24960",Y,hours
669,Christy Lara,080-98-1236,"975 Hector Corners Suite 011
Kingmouth, IL 64841",N,hours
670,Martha Blake,557-41-8712,"3748 Donald Road Suite 898
Katherineville, PR 62555",N,miles
671,Mr. Kevin Davis,132-17-7059,"3824 Rachel Plaza
South Ruthshire, DE 55208",N,hours
672,Lori Whitaker,867-75-7679,"985 Elliott Landing
West Monicamouth, DC 52485",N,miles
673,Kari Young,047-26-0564,"08027 Leslie Pines
South Lesliemouth, NH 54858",N,hours
674,Ryan Andersen,410-13-4380,"774 Jeffrey Park Suite 090
West Jody, DE 91336",Y,miles
675,Thomas Oconnor,014-61-2938,"41151 Ingram Knolls
Rhodesview, OR 79768",N,miles
676,Kristi Smith,667-53-1138,"601 Carney Course Apt. 014
North Jodybury, GA 72331",Y,hours
677,April Young,370-59-4603,"7963 Edgar Grove
Wiseberg, WV 96472",Y,miles
678,Amber Carroll,669-79-4418,"112 Gloria Field
Baileyburgh, DC 19752",Y,hours
679,Dylan Parker,649-64-1005,"877 Cynthia Drives Suite 432
Lake Autumn, AL 35834",Y,hours
680,Michelle Gordon,898-74-5002,"514 Lambert Radial
East Tracy, WV 54129",Y,miles
681,Kimberly Roberts,711-24-1555,"425 Shaun Trafficway
Amandafurt, GA 09195",N,hours
682,Neil Rice,484-68-3515,"69705 Murray Corners Suite 007
West Ronald, HI 55006",Y,miles
683,William Petersen,297-81-1388,"PSC 6485, Box 3123
APO AP 31249",Y,hours
684,Lauren Smith,083-45-4986,"156 Valencia Pine Suite 223
Johnsonville, RI 85645",Y,miles
685,Brandy Peterson,560-34-9097,"0877 Patricia Summit Apt. 463
Williamfort, IN 35452",N,miles
686,Angela Duncan,254-03-4492,"71822 Tammy Route Suite 449
Aliciaton, OH 15164",Y,miles
687,Laura Harris,842-61-7694,"57710 Price Pass
Cindyshire, NC 28413",Y,miles
688,Peter Reynolds,865-94-0116,"353 Alexander Plaza Apt. 690
Port Robinport, NH 22604",Y,hours
689,Sheila Williams,780-07-2478,"8336 Danielle Mountain
Lake Ericstad, OK 89541",N,miles
690,Joseph Franklin,532-89-2249,"80874 Schmidt Hill Apt. 845
Powellborough, KY 51210",N,hours
691,Maria Turner,556-96-5669,"510 Isaiah Alley Apt. 307
North Eric, NC 41282",N,miles
692,Kimberly Yates,721-23-7854,"779 Sean Vista
Port Kellyshire, NH 87276",Y,hours
693,Kathryn Henderson,329-42-2314,"USS Ramsey
FPO AA 21367",N,miles
694,Lynn Wheeler,850-57-2895,"1795 Harper Oval
Katherineberg, HI 14071",N,miles
695,Sarah Rodriguez,219-73-9307,"26946 Nancy Radial
West Sherry, WY 49490",Y,miles
696,Kelsey Murphy,005-28-1638,"Unit 3507 Box 7457
DPO AA 97696",Y,hours
697,Casey Gray,372-69-1590,"USNV Perez
FPO AE 21183",Y,miles
698,Mark Mccarty,259-43-1626,"Unit 4630 Box 7742
DPO AE 91776",Y,miles
699,Kimberly Smith,184-05-1608,"66271 Miller Station Apt. 624
West Beverlystad, ME 51206",N,miles
700,Daniel Kelly,111-89-5725,"2036 Adam Expressway
Sarahview, PW 61423",Y,hours
701,Daniel Villa,555-50-3738,"4658 Knight Wall Apt. 237
Charlesville, IL 75794",Y,miles
702,Marie Mullins,894-95-5687,"7687 Haynes Parkways Apt. 508
East Kelseymouth, MP 06128",N,miles
703,Duane Crosby,618-64-9380,"PSC 9570, Box 2900
APO AP 48139",N,miles
704,Susan Schmidt,857-83-0010,"251 Patricia Course Apt. 619
Lake Nicolestad, HI 79906",N,miles
705,Jacqueline Knapp,406-51-7523,"068 Martinez Vista
Lisastad, GA 22715",Y,miles
706,Michael Lopez,706-89-9825,"511 Williams Park
Kellybury, CO 86421",Y,hours
707,Christian Haley,004-30-4384,"USNS Sanchez
FPO AE 28120",N,hours
708,Steven Wade,083-25-3025,"980 Ryan Isle Suite 462
Kellyland, MP 51722",N,miles
709,Erica Adams,501-24-8823,"4005 Williams Harbors
Brianchester, RI 32382",N,miles
710,Debbie Dillon,741-62-1082,"Unit 8716 Box 1710
DPO AE 79720",N,hours
711,Autumn Rhodes,602-96-9664,"87221 Rebecca Ridges Suite 980
New Jonathanview, PA 53452",Y,miles
712,Michele Jackson,548-65-3669,"551 Bond Alley
Johnhaven, VT 31452",N,miles
713,Amber Thomas,534-46-9127,"Unit 6293 Box 2557
DPO AE 27016",N,hours
714,Christian Mccoy,360-92-9110,"Unit 2807 Box 6943
DPO AE 03878",Y,hours
715,Alicia Palmer,513-04-7431,"0808 Mullins Manors Suite 576
Stephanietown, MA 87777",N,miles
716,Nathaniel West,087-93-7567,"601 Michael Drive Apt. 818
Lake Raymond, IA 84284",N,miles
717,Ashley Holmes,119-75-0210,"077 Benjamin Forest Suite 432
Allisontown, GA 77391",Y,hours
718,Connor Howe,339-66-1665,"PSC 9778, Box 5279
APO AE 98200",Y,miles
719,Tracy Douglas,286-72-6970,"00848 Michael Island Apt. 142
Sharonburgh, PR 45849",N,hours
720,Natalie Allen,471-11-1072,"6687 John Mountain Suite 452
North Stephanieport, UT 60858",Y,hours
721,Sharon Payne,774-20-6600,"2378 Bradley Port
Mitchellton, CA 55837",N,miles
722,Debra Coleman,626-41-0093,"6963 Christina Way
Port William, NJ 19687",Y,hours
723,Mitchell Miller,574-16-6026,"2509 Roberts Inlet Apt. 743
North Stacyville, UT 14109",N,miles
724,Christopher Roach,583-96-2454,"9383 Carter Unions
Keithland, ID 56722",Y,miles
725,Jack Decker,716-97-2914,"089 Camacho Drive
South Kathleen, MH 43756",Y,hours
726,Rachael White,172-16-5267,"101 Gail Dam Apt. 123
Danielton, HI 57068",N,hours
727,Kevin Perry,874-52-0837,"027 Williamson Way
Williamsstad, AR 05639",Y,miles
728,Jeffrey Parks,160-54-8152,"PSC 0735, Box 2518
APO AA 65877",Y,miles
729,Katherine Cline,399-12-5419,"28708 Roy Trace Apt. 338
East Brittneyshire, PW 64608",Y,hours
730,Michael Gilbert,669-15-9044,"1294 Sarah Inlet Suite 736
Princeside, AS 62943",N,hours
731,Marc Sullivan,270-73-9271,"1131 Lopez Camp Suite 972
Lauraburgh, NY 15638",Y,hours
732,Alex Barnes,403-54-9698,"738 Harper Valleys
Port Melissamouth, ME 32720",N,hours
733,Heather Hendrix,520-54-1198,"708 Elizabeth Spur Apt. 821
Devinfort, MO 41991",N,hours
734,Patty Decker,571-76-2186,"Unit 0315 Box 0071
DPO AE 40585",Y,hours
735,Anita Gonzalez,583-37-6543,"76493 Zachary Pike
Martinmouth, PR 33103",Y,miles
736,Francisco Downs,484-78-5447,"220 Jonathan Cove Suite 046
Waltersburgh, OR 87251",Y,hours
737,Sandra Kim,065-74-0801,"9713 Irwin Mission Suite 684
Shafferview, WA 85904",N,hours
738,Curtis Reed,525-40-1650,"9112 Jared Hills Apt. 070
Lake Ronald, CT 79222",Y,miles
739,Zachary Quinn,547-95-3400,"Unit 1491 Box 1779
DPO AA 72785",N,hours
740,Laura Collins,505-10-0537,"942 Davis Plains Apt. 468
Webbfort, VA 60954",N,hours
741,Dylan Mclaughlin,193-53-6663,"783 Dawn Expressway
New Johnmouth, ND 99818",N,hours
742,William Mitchell,121-88-6735,"133 Kristen Lane
South Teresa, WI 76051",N,hours
743,Tiffany Martin,183-93-5093,"45839 Francis Place
Hilltown, HI 22708",Y,miles
744,Jason Porter,865-77-0643,"27344 Deborah Mills Suite 422
Timothyshire, AK 35777",Y,hours
745,Brendan Guerra,852-27-4348,"509 Gomez Ridge Apt. 067
Michaelstad, ND 29492",Y,hours
746,Laurie Hughes,470-54-8514,"451 Claudia Square Suite 120
Lake Aprilshire, MH 72242",N,hours
747,Alexander Hampton,085-40-3108,"7179 Barr Center
Lake Traceyshire, ND 28369",Y,miles
748,Justin Leon,264-43-9601,"95460 Hoffman Terrace
Martinstad, DE 72947",N,hours
749,Robert Garrett,708-41-5279,"6500 Mccann River Apt. 391
East Adrian, MI 42955",N,miles
750,Samuel Roberts,859-21-0518,"3456 Adams Estate Apt. 953
Caitlintown, ND 41360",Y,miles
751,Samuel Anderson,228-20-0587,"Unit 3526 Box 7390
DPO AA 96987",N,miles
752,Austin Gill,677-96-5249,"PSC 8108, Box 4314
APO AA 17473",Y,hours
753,Carla Little,595-50-5494,"411 Peterson Glen Apt. 934
Johntown, AR 17245",N,miles
754,Elijah Simon,382-90-1778,"592 Lyons Radial
Riverafort, WV 76703",Y,hours
755,Danielle Gallagher,757-02-2600,"88837 Sydney Junctions Apt. 667
Joshuafurt, RI 08814",Y,miles
756,Stephanie Cooper,842-68-4543,"0879 Nathan Valley Suite 069
Cassandrafurt, PA 89304",N,miles
757,Dr. Cameron Smith,430-99-7487,"USNV Becker
FPO AE 78553",Y,hours
758,Anne Davis,775-21-6354,"76126 Michael Passage Apt. 994
Lake Kathleen, SC 21434",N,miles
759,Mr. Anthony Ibarra DVM,028-36-7911,"64527 Bill Haven
New Scott, PW 46306",N,hours
760,Jesse Perry,673-63-1495,"604 Wong Forest Apt. 193
Stokesside, MT 99790",N,hours
761,Anthony Robles,655-09-0769,"81836 Andre Gardens Suite 263
Tamaraview, KS 36346",Y,hours
762,Kevin Davis,261-56-2580,"2393 Samantha Overpass
West Joshua, IL 01575",Y,miles
763,Joan Williams,545-03-7517,"2039 Amy Ramp Apt. 997
East Emily, LA 12012",N,miles
764,Jack Williams,592-41-1477,"58506 Mary Forges
Anthonyhaven, IL 63273",N,hours
765,Brenda Wagner,381-78-2177,"42667 Jenkins Forest
East Sandra, IA 98833",N,hours
766,Jessica Castro,007-36-8660,"04057 Scott Mountain Apt. 224
Williamhaven, IL 22960",N,miles
767,Melanie Wilson,288-38-7171,"9193 Jason Islands
South Lisaport, ID 99741",N,miles
768,Kurt Grant,375-20-4984,"1096 Scott Row Suite 851
Chadland, WA 95913",Y,hours
769,Ryan Taylor,326-50-8665,"640 Williams Knolls
Ronaldberg, LA 32536",Y,hours
770,Donald Summers,704-07-7469,"804 Jones Mall
Hudsonmouth, TN 11071",N,miles
771,Charles Davidson,799-95-5541,"3178 Pamela Pass Apt. 030
New Courtney, VA 11889",Y,miles
772,Calvin Morgan,648-95-2929,"Unit 6332 Box 7683
DPO AA 14651",N,miles
773,Thomas Martin,008-68-1735,"817 Melanie Terrace
Port Benjaminborough, MD 83632",N,miles
774,Derek Huffman,570-11-5602,"2831 Leach Hills
New Ashleyfurt, NV 55438",Y,hours
775,Jonathan Thomas,596-98-3806,"Unit 3158 Box 0563
DPO AA 32975",N,miles
776,Kathleen Price DVM,167-71-6959,"4251 David Mill Apt. 955
Port Angelaport, IL 84991",Y,hours
777,Ryan Day,516-83-5980,"503 Flores Locks Suite 201
Bakerton, RI 69782",Y,hours
778,Christopher Reyes,073-40-5437,"470 Ware Lights Suite 475
Perezberg, ID 92554",Y,miles
779,Sabrina Flores,170-66-1075,"113 Patel Lights
Gillmouth, MD 68805",N,hours
780,Nicole Mitchell,185-10-6265,"7841 Jeremy Forks Suite 706
Port Rebecca, UT 01544",Y,hours
781,Sherry Brooks,612-62-4449,"3971 Davis Alley Suite 647
Paigeburgh, OR 39938",N,miles
782,Teresa Bond,711-85-1986,"4749 Vasquez Lights
Port Brandymouth, IA 41878",Y,miles
783,Brandon Williams,044-41-8705,"238 John Ramp
New Paulside, MP 90783",Y,miles
784,Ashley Davis,487-28-2443,"21779 Moore Cape Suite 644
Turnertown, ND 40061",Y,hours
785,Alicia Griffin,874-12-4160,"Unit 9158 Box 5575
DPO AA 68256",Y,hours
786,Sherry Padilla,815-58-9803,"5356 James Streets Apt. 569
Judithland, TX 97979",N,hours
787,Brittany Webb,069-50-7684,"59764 Brian Highway Apt. 025
Matthewmouth, OH 73370",N,hours
788,Todd Taylor,667-27-7795,"7888 Robert View
Carrilloshire, UT 42869",Y,miles
789,Jesse Williams,029-06-2941,"5568 Alan Plains
North Melissa, GU 37976",N,miles
790,James Martin,349-19-6614,"64395 David Light
Frenchshire, IL 16489",Y,hours
791,Katherine Berry,276-81-5957,"980 Mann Crossing Apt. 036
Williamston, KS 39682",N,hours
792,Robert Herrera,890-08-8187,"5742 Nicholas Summit
Matthewborough, ND 95300",N,miles
793,Barbara Johnson,180-46-0384,"9572 Sanders Shores Suite 296
Harrisborough, TN 06535",Y,miles
794,Jeanne Hart,425-05-5261,"299 Wagner Coves
Rebeccafurt, MP 04491",Y,miles
795,Nicole Perez,578-84-7248,"91506 Anthony Estate
South Williamfurt, MS 12370",N,miles
796,Keith Blackburn,514-51-2407,"054 James Garden Apt. 176
South Timothy, WY 14709",N,hours
797,John Massey,437-16-9332,"7721 Henderson Mission Apt. 892
Eduardotown, CA 68832",Y,hours
798,Brittney Hays,142-73-9490,"34793 Smith Lodge Apt. 528
New Douglas, WA 32936",N,miles
799,Karen Jensen,546-79-0399,"7695 Durham Isle Apt. 941
New Craigport, OR 68311",N,miles
800,Jill Singleton,854-94-7656,"9438 Jason Springs Apt. 860
Dunnshire, DE 79018",N,miles
801,Kimberly Bell,519-77-8565,"Unit 9891 Box 8238
DPO AP 58762",Y,miles
802,Bobby Potts,076-52-7203,"872 Sanchez Square
Aguirreland, RI 52207",N,miles
803,Jennifer Higgins,268-10-7058,"658 Parker Springs
Brendamouth, WA 72000",Y,hours
804,Michael Mendoza,410-55-2826,"91188 Larry Courts
Dillonton, IA 53617",N,hours
805,Justin Hardin,425-53-6960,"11940 Bryan Courts Apt. 011
New Kristyview, ME 87637",Y,miles
806,Timothy Beard,419-06-8978,"43612 Evans Coves Suite 978
Christinaton, VT 51567",N,miles
807,Vincent Evans,476-50-1209,"42043 Ross Row
New Melissa, NH 40717",Y,miles
808,Anthony Patrick,672-56-0132,"16705 Emily Gardens Suite 247
East Ricky, LA 37343",Y,hours
809,Yvonne Barker,792-35-4635,"108 Robert River Suite 340
Howardstad, NE 09991",N,hours
810,Michael Melendez,036-20-9264,"USS Williams
FPO AP 40085",Y,miles
811,Jeremiah Acevedo,103-20-1848,"415 Hamilton Lodge Apt. 352
North Roberthaven, KS 17401",N,hours
812,Reginald Schmidt,162-61-3040,"09580 Mary Grove
New Luis, DC 04605",N,miles
813,James Bailey,633-38-8492,"0292 Zachary Keys Apt. 607
North Matthew, CO 06522",Y,hours
814,Kimberly Martinez,407-18-4588,"USNS Moody
FPO AA 72042",Y,miles
815,Autumn Johnson,648-93-5527,"25158 Dougherty Station Suite 770
Port Brenda, SD 39459",N,hours
816,Erin Baker,246-05-3459,"75558 Jasmine Village
Clarkland, TX 88313",N,hours
817,Autumn Guzman,402-08-2384,"63356 King Crossing Suite 856
Meganchester, WI 33200",Y,miles
818,Gerald Terry,497-83-3034,"41185 Tucker Underpass
Terrancestad, AR 12106",Y,miles
819,Crystal Tucker,459-49-9350,"86618 Johnson Estates
Ralphview, TN 68666",Y,hours
820,Johnathan Olsen,558-23-3336,"83608 Robert Terrace Apt. 418
Johnland, MS 30880",N,hours
821,Jeffrey Li,861-86-1234,"55660 Bean Ports
Carlaburgh, NV 04318",N,miles
822,Christopher Bell,202-56-4442,"144 Darren Groves Apt. 260
Tinamouth, MP 29712",Y,miles
823,Katherine Hunt,332-35-6984,"539 Brandon Hill Apt. 619
South Jessica, LA 68164",N,hours
824,Jake Lambert,021-13-2486,"312 Kenneth Extension
North Stephenmouth, NY 20170",Y,hours
825,Susan Mcdaniel,287-02-6693,"6779 Megan Island Apt. 199
Michaelchester, PA 04702",N,hours
826,Christopher Chen,143-68-7279,"75446 Jon Ranch Suite 521
New Ian, AK 05849",Y,miles
827,Catherine Gomez,601-07-4384,"04721 Sanchez Branch
Lake Elizabethbury, DE 73263",Y,hours
828,Carol Smith,519-81-0247,"PSC 9531, Box 6447
APO AA 14652",Y,hours
829,Rebecca Page,298-78-4369,"129 Daniel Knoll
North Alexandrialand, MN 56729",Y,hours
830,Barry Shaffer,095-37-8231,"56672 Cathy Square
South Brandon, OR 16810",Y,miles
831,John Cain,084-58-5396,"USS Smith
FPO AA 89854",Y,hours
832,Danielle Cruz,466-70-5117,"4726 Susan Squares
Lake Robyn, OR 37304",N,hours
833,Ashley Ward,244-93-1047,"PSC 0334, Box 6733
APO AE 10135",N,hours
834,Karl Cline,226-13-6314,"008 Renee Dale Suite 015
Julieview, PR 09844",Y,miles
835,Savannah Nichols,590-54-5803,"080 Jay Cliff
South Jodybury, GA 03591",Y,miles
836,Christopher Crawford,166-68-1418,"2015 Fernandez Green Suite 070
Port Amberberg, DC 93960",N,hours
837,Willie Hughes,149-17-6989,"540 Craig Unions Suite 430
Bethhaven, GA 92826",Y,hours
838,Jennifer Wilson,042-48-1458,"538 Chavez Club Apt. 012
Juliaburgh, PR 33436",Y,miles
839,Emily Webb,608-60-0425,"568 Clark Bridge
Lorishire, MD 92263",Y,miles
840,Joseph Martinez,667-45-8934,"159 Justin Spurs
New Johnfort, NE 03306",Y,miles
841,Joseph Mcdonald,505-33-3158,"43566 Anna Cliff
Scottview, ID 39153",N,miles
842,Anthony Mcdonald,469-34-7371,"Unit 7579 Box 2897
DPO AP 48581",Y,hours
843,John Garrison,629-45-9957,"00263 Mcdonald Plain Suite 444
Fuentesville, OH 25831",N,miles
844,Amber Walton,702-95-0611,"Unit 7085 Box 0997
DPO AE 75219",N,hours
845,Angel Ruiz,824-43-3984,"989 Michael Cove Suite 755
Mcdanielville, WI 99354",Y,hours
846,Ryan Mack,893-12-2588,"USCGC Frazier
FPO AA 31746",N,hours
847,Gary Delgado,401-92-3593,"685 Natalie Flats
Leachshire, MS 92301",Y,miles
848,Richard Robertson,082-36-8312,"9622 Wayne Knolls Suite 269
Jacksonburgh, KY 64533",Y,hours
849,Bobby Landry,322-43-5186,"PSC 5480, Box 6989
APO AP 54605",Y,miles
850,Jillian Rivera,029-25-6228,"9020 James Coves Apt. 328
Kellyton, WV 52699",Y,hours
851,Lisa Fowler,184-30-8708,"8956 Soto Place
North Aaron, RI 59764",N,hours
852,Patricia Decker,659-93-3682,"12902 Matthew Road
Rachelview, MI 10449",N,hours
853,Rebecca Koch,557-88-1862,"0593 King Forest
Richardton, NJ 43514",Y,miles
854,Brian Wilson,496-14-3671,"9510 Jackson Mountain
East Rodney, IA 44663",N,hours
855,Margaret Lang,895-22-5428,"8316 Henson Field
Quinnburgh, SD 75484",N,hours
856,Ryan Garcia,492-87-8875,"319 Vargas Causeway
Alicetown, ID 83237",N,hours
857,David Brown,104-09-0551,"237 Gonzales Knolls
Lake Walter, OK 05520",N,hours
858,Tanya Smith,052-76-4776,"95665 Davis Stream
Port Nicole, GU 53333",Y,miles
859,Ryan Stout,875-26-4859,"0568 Luna Glens
Joseberg, PW 39447",N,miles
860,Megan Vasquez,840-54-3395,"5760 Joseph Radial Suite 869
New Joetown, SC 21065",N,hours
861,Sydney Allen,881-80-7970,"8384 Smith Roads
New Diane, MI 45579",N,hours
862,Phillip Johnson,678-99-5995,"15737 Ramos Plaza Apt. 395
Millerside, FL 22132",Y,hours
863,William Alexander,508-04-9652,"43839 Grant Pike
Leonfort, NE 27659",N,hours
864,Mr. Benjamin Sullivan,134-97-8454,"4526 Rodney Loop Suite 925
Alexandertown, FL 01656",N,hours
865,Megan Golden,691-50-1376,"Unit 9981 Box 0734
DPO AP 79174",N,hours
866,Sara Powell,307-58-5822,"52639 Amy Mission Suite 904
South Lukeville, OH 84115",N,hours
867,Peter Williams,655-48-7607,"4864 Wallace Harbor
West Jasmine, NH 86565",N,miles
868,Gregory Cruz,050-58-0850,"719 Joseph Crescent
Micheleville, WY 65079",N,hours
869,Michelle Stokes,655-23-4035,"014 Hess Orchard
North Victoria, UT 92064",Y,hours
870,Michael Mcmillan,631-51-0531,"401 James Squares Suite 596
Port Wayne, ND 65595",Y,hours
871,Joshua Smith,188-29-3004,"25563 Monica Falls
Mcdanielborough, AL 79221",Y,miles
872,Terri Tran,201-97-9842,"426 Castro Plains
Cynthiaside, WA 85386",Y,hours
873,Robin Mata,786-62-9902,"974 Karla Crest Apt. 517
Butlerton, DE 04912",N,hours
874,Amy Haley,751-51-6268,"21427 Jacob Haven Suite 067
Normanfort, VA 71551",N,hours
875,Tiffany Garner,462-96-8872,"4492 Johnson Causeway
Crystalshire, MI 54397",N,hours
876,Dennis Schmidt,325-16-5676,"3894 Daniel Parks Apt. 248
Thorntonhaven, TN 02373",N,miles
877,Taylor Daniel,575-72-2983,"8547 Wright Courts
North Ericmouth, WV 54426",N,hours
878,Kristina Sanders,831-60-2036,"2802 Fowler Lake Apt. 453
East Alanberg, NC 52146",Y,miles
879,Cameron Williams,569-52-2971,"097 Vanessa Plaza
Port Marcus, IA 77051",N,miles
880,Glenn Hernandez,091-66-2484,"281 Pamela Light Apt. 274
Mcdowellside, NE 31180",Y,hours
881,Traci Moon DDS,462-21-9172,"3275 Hernandez Stream
East Courtney, OH 20622",N,miles
882,Helen Mason,627-66-2382,"465 Brown Lane
Lake Kathystad, GA 02777",N,hours
883,David Wilson,033-08-1246,"USNS Robinson
FPO AP 17951",N,hours
884,Valerie Davis,733-65-6023,"76305 Gilmore Haven Suite 175
New Laurenmouth, PA 04148",N,hours
885,Rachael Robinson,065-45-9210,"77097 Rodney Manor
West Colleen, MP 57439",N,miles
886,Jacob Andrews,709-45-7545,"54601 Morgan Causeway
Gregoryland, PW 89370",Y,miles
887,Rachel Woodard,251-05-2282,"78773 Garcia Drive
Port Russellfurt, PA 63550",Y,miles
888,Jared French,776-99-4155,"628 Anderson Station
Port Lori, GU 64422",Y,hours
889,James Keith,742-16-5635,"258 Taylor Burg Suite 521
New Paul, VI 43085",N,miles
890,Michael Moore,497-32-2290,"USNS Lane
FPO AE 79406",N,miles
891,Dennis Anderson,067-36-3049,"687 James Cliffs Suite 604
Sanchezborough, CT 77359",N,hours
892,Stephanie Sutton,310-68-7944,"193 Hawkins Land
South William, NH 56582",N,miles
893,Joseph Parker,521-21-9893,"2479 Jonathan Freeway Apt. 021
Yvetteborough, VA 47191",Y,hours
894,Timothy Prince,629-83-5138,"4123 Mason Inlet
North Lisaview, UT 65248",N,hours
895,Garrett Johnston,508-51-3670,"470 Vincent Gateway
Yatesview, SD 74642",Y,hours
896,Derek Cole,356-04-1010,"7353 Morris Forks Apt. 591
Tammyshire, VI 39346",Y,hours
897,Mrs. Darlene Sanders,189-37-0445,"45130 Chapman Orchard
South Bridget, CA 83996",Y,hours
898,Stephanie Price,678-94-7436,"98566 Zavala Rest Apt. 074
Johnnytown, PW 75595",Y,miles
899,Wayne Mayer,087-89-4628,"9657 Kelsey Mills
Ronaldtown, HI 59093",Y,hours
900,Margaret Fischer,567-94-8279,"541 Michael Forest
Greenland, IN 30723",N,hours
901,Richard Reyes,716-12-1342,"07483 Lee Point
Brownton, NY 24913",N,hours
902,Jay Perry,387-51-4931,"822 Janet Valley Apt. 669
Carrilloview, LA 95542",N,hours
903,Robert Clarke,153-37-4707,"PSC 7413, Box 0237
APO AE 25019",Y,miles
904,Leslie Morris,662-41-5400,"72211 Emma Turnpike Suite 437
East Laura, MA 79002",N,miles
905,Tammy Smith,850-33-3156,"813 Miller Parkway Apt. 459
Lake Stephanie, NM 40946",Y,hours
906,Scott Cortez,550-08-4298,"5253 Jones Points Apt. 188
New Brianborough, LA 28942",Y,hours
907,Maureen Anderson,603-67-3706,"018 Shelby Summit Apt. 196
Lake Thomas, OH 44875",Y,miles
908,Tiffany Ruiz,080-02-6508,"6385 Joshua Fields
Lake Perry, ME 26755",Y,hours
909,Megan Collins,192-56-4731,"05609 Pope Ferry Suite 859
Tylerchester, NC 76119",N,hours
910,Nicholas Ward,399-54-4243,"2676 Joseph Burg
Sarahview, FL 50993",N,hours
911,Barbara Weber,778-66-4908,"931 Jeffery Villages
Thomashaven, SC 64497",Y,hours
912,Katie Martin,767-59-3653,"8153 Mark Cape
Colleenmouth, MH 76937",N,miles
913,Jacob Hamilton,797-94-4938,"43443 Angela Isle Apt. 445
New Michael, SC 58661",N,miles
914,Colleen Sheppard,168-91-5011,"411 Vaughan Islands Suite 756
North Robin, ID 53288",N,miles
915,Rebecca Parks,467-79-1601,"7490 Smith Parks Suite 058
South Megan, ND 84001",N,miles
916,Patricia Pearson,088-10-1136,"770 Becker Via Apt. 558
East Brittanymouth, SD 05212",Y,miles
917,Jamie Bennett,418-96-0031,"742 Courtney Creek Suite 525
Salasfurt, NH 06332",N,miles
918,Andrew Dennis,156-91-7405,"553 Tran Views Suite 219
Port Markton, IA 54286",N,miles
919,Patricia Taylor,016-25-4561,"1189 Hicks Brooks Suite 734
Brownberg, SD 75118",Y,hours
920,Andrea Mccoy,683-65-6259,"218 Rogers Rue
North Debra, OH 87475",N,hours
921,Brenda Mcdowell,557-34-4770,"80789 Timothy Track
Hillshire, OR 46048",Y,miles
922,Kenneth Pineda,743-69-1062,"13389 Amy Harbor
Francochester, KY 63334",N,hours
923,Lauren Hicks,233-14-2222,"527 Beth Prairie
Thomasmouth, OK 71932",N,miles
924,Kevin Cooper,311-78-6516,"037 Whitney Camp Suite 759
Vazquezbury, ME 18409",N,miles
925,Ryan Macdonald,866-98-1208,"8739 Lisa Ports
Port April, RI 92549",N,hours
926,Emily Foster,095-56-7862,"0397 Smith Road
Sparksstad, MA 07780",N,hours
927,Jimmy Graham,526-44-4146,"2940 Jonathan Place
Port Stephanieborough, WV 19824",Y,hours
928,Steven Murray,433-48-6218,"7990 Wright Grove Apt. 195
East Matthewmouth, CA 56068",N,hours
929,Steve Edwards,449-76-8187,"7531 Sean Flat
North Danielle, NH 55724",N,miles
930,Victoria Shannon,412-97-7199,"429 Cole Lane Suite 009
Penaside, KY 55681",N,hours
931,Robert Anderson,600-30-8234,"76513 Michelle Route Suite 595
Heatherhaven, NM 92880",Y,miles
932,Vincent Smith,403-46-5715,"07075 Gonzalez Oval
Port Melissa, MA 24538",N,miles
933,Karen Orozco,875-08-8226,"505 Megan Drive Suite 373
New Nicholas, MA 49810",Y,hours
934,James Reyes,803-25-1545,"Unit 7894 Box 3159
DPO AE 00949",Y,miles
935,Leslie Palmer,417-01-1439,"2061 John Shoal Apt. 781
Daleville, ND 15439",Y,hours
936,Gavin Sullivan,426-78-4348,"2036 Logan Throughway Suite 412
East Catherine, IL 92113",Y,hours
937,Brendan Parker,265-81-0301,"PSC 6218, Box 8703
APO AA 20694",Y,miles
938,David Garcia,663-84-5328,"1669 Michael Vista
Burnston, ME 19549",N,miles
939,Michael Cooper,661-27-4821,"049 Lawson Corners Suite 004
West Jennifer, VI 80109",Y,miles
940,Alexander Duke,721-91-5496,"05164 Johnson Hill Suite 683
Bairdfort, VI 71525",Y,miles
941,Kimberly Hart,836-69-0079,"053 Nguyen Trail Apt. 924
Avilachester, TN 72127",N,miles
942,David Howell,455-17-7835,"565 Salazar Field Suite 432
West Cassandrabury, FM 32206",N,hours
943,Michele Simon,636-63-8297,"26382 Nguyen Flat Suite 968
Mullinsmouth, IL 29651",N,miles
944,Justin Jones,580-37-0291,"5671 Bonnie Viaduct
West Katherine, OH 74876",Y,miles
945,Samuel Barnett,753-17-0598,"880 Moreno Turnpike
Baxterview, NV 04408",Y,hours
946,Kristina Collins,114-37-2401,"827 Mitchell Summit Apt. 420
Garciamouth, MA 16631",N,miles
947,Leah Erickson,520-99-2173,"49207 Ross Plains Suite 797
Port Elizabethmouth, OK 58739",N,hours
948,Matthew Conner,240-14-5002,"1482 Michelle Highway Suite 442
Robinsonchester, AZ 06154",N,miles
949,Philip Esparza,541-66-7928,"2795 Christopher Meadow Suite 342
West Roberto, LA 33436",Y,miles
950,James Sullivan,332-14-4694,"341 West Manors Apt. 516
West Mary, VI 29904",Y,hours
951,Dennis Bowers,732-84-4888,"496 Alexander Haven
Port Brianna, UT 05526",Y,hours
952,Edwin Wilcox,624-47-6247,"41528 Nguyen Landing
West Carlosfort, AL 79086",Y,miles
953,Heather Parker,287-75-9134,"5218 Williams Prairie
New Jamieland, PW 55959",Y,miles
954,Lauren Brown,552-54-1641,"2943 Gill Circles Apt. 709
Nicholasville, ID 71737",Y,miles
955,Jerome Brandt,246-66-3028,"62494 Kenneth Valley Apt. 644
Perezshire, MN 13391",Y,hours
956,Deborah Rogers,661-78-9180,"Unit 3161 Box 4352
DPO AP 17425",N,miles
957,Jared Nelson,669-54-1846,"11277 Dickson Drive Apt. 943
East Aprilport, PW 30564",N,hours
958,Rachel Graves,306-76-8836,"Unit 0959 Box 6752
DPO AE 02850",Y,miles
959,Darren Thomas,434-10-6611,"PSC 1666, Box 7225
APO AE 72025",Y,miles
960,Savannah Erickson,139-79-1477,"1301 Fuller Street
Andrewsmouth, AL 19819",N,miles
961,Jessica White,720-34-7997,"265 Hudson Hollow Apt. 544
Lake Ashleybury, NM 48738",Y,hours
962,Marissa Vargas,618-67-4666,"617 Turner Divide Apt. 436
New Harry, MN 90660",N,miles
963,Steven Carter,112-29-2613,"8566 Madeline Light
Lake Mary, NM 34229",N,hours
964,Deborah Anderson,714-64-3513,"9824 Mary Inlet Apt. 885
Shannontown, SD 90251",N,hours
965,Ashley Evans,159-11-6113,"Unit 3453 Box 1648
DPO AP 06788",N,miles
966,Veronica Hughes,560-32-2213,"068 Clements Trace
Jonesmouth, HI 98012",N,hours
967,Patrick Ramirez,460-68-6426,"461 Lopez Light
Richardchester, NE 80214",N,hours
968,Scott Thompson,717-38-1467,"282 Jenny Road Suite 415
Hollyburgh, ME 68374",Y,hours
969,Sally Mills,695-83-4343,"PSC 3615, Box 3003
APO AA 28545",Y,hours
970,James Ramirez,687-17-2908,"517 Clark Port
East Ianberg, MA 89385",N,hours
971,Lisa Carter,204-51-7223,"8820 Long Coves
Rebeccaland, KY 19432",N,miles
972,Catherine Gibson,849-74-0788,"34247 Elizabeth Avenue
West Jennifer, SD 07978",Y,hours
973,Jasmine Leonard,459-72-8603,"979 Gray Causeway
Donnastad, AK 41794",N,hours
974,Joel Lawson,371-73-5028,"1424 Chapman Summit Suite 087
North Feliciaborough, MS 83238",Y,miles
975,Beth Sharp,479-90-2742,"265 Harris Inlet Apt. 292
Donnachester, PR 04597",N,miles
976,Drew Herrera,450-23-3921,"76365 Johnny Neck Suite 429
Jasonton, ID 91643",Y,miles
977,Michael Thomas,161-20-1456,"28596 Tracy Circle
New Cheyenne, MO 60488",Y,hours
978,Cheryl Lucero,476-48-3149,"93181 Dakota Tunnel
Alexanderville, OH 67248",N,miles
979,Rebecca Roach,425-70-2134,"07286 Moore Rapid Suite 373
West Lindafurt, SD 99428",N,hours
980,Amy Soto,678-15-8395,"PSC 1201, Box 5926
APO AA 75371",N,miles
981,Marie Harrington,677-49-5694,"139 Richard Drives
West Randytown, WA 45349",Y,hours
982,Anthony Anderson,549-68-9827,"35738 Logan Haven
Paulborough, WA 27544",Y,hours
983,Jordan Rodriguez,537-61-5438,"37061 Smith Alley
East Holly, SC 64019",Y,hours
984,Craig Pitts,189-57-6298,"148 Grimes Circles
Cannonmouth, ND 23926",Y,miles
985,Eric Ball,640-56-0697,"70870 Thomas Loaf
Port Michaelville, CT 15287",N,hours
986,Chad Lutz,805-04-6574,"96805 Meadows Fall Suite 132
New Kevinville, PW 11494",Y,miles
987,Kyle Rodriguez,853-05-9425,"5025 Johnson Shore Suite 813
North Frankfort, CA 66849",Y,hours
988,Meredith Sampson,147-56-8434,"8104 Mahoney Freeway Suite 458
New Jasonfort, OH 25557",Y,hours
989,Bradley Mejia,205-91-5917,"1923 Heather Mount Suite 173
Allenhaven, MA 48819",N,miles
990,Brittany Jimenez,037-54-4822,"52910 Irwin Flat
Turnertown, WV 19359",Y,hours
991,Dr. Patricia Simmons DDS,544-21-5757,"684 Miller Court
Youngbury, MH 12371",Y,hours
992,Brian Strickland,767-63-8447,"4380 Walker Estate
New Christopher, MO 99735",N,miles
993,Ruben Allison,062-99-8740,"60169 Abigail Flat Apt. 205
Brittanymouth, RI 92120",N,miles
994,Megan Gordon,740-19-3098,"PSC 6008, Box 9796
APO AA 23411",Y,hours
995,Matthew Burns,832-84-5993,"60063 Thomas Glens Suite 081
West Amanda, CO 27715",N,miles
996,Ruben Walker,609-89-5745,"PSC 4667, Box 5095
APO AA 31396",Y,miles
997,Joseph Nielsen,522-76-2961,"60226 Hendricks Neck Suite 747
Meredithbury, WA 58845",Y,hours
998,Mitchell Mitchell,082-41-5576,"5520 Summers Cliff Suite 482
New Brianchester, MT 17563",N,hours
999,Ashley Gibbs,887-95-7139,"7595 Sanders Wall Suite 481
North Julie, ME 79767",Y,hours
1000,Patrick Simpson,688-05-0889,"2810 Miller Keys
South Jennamouth, WA 58180",N,hours
1001,Melissa James,773-36-6816,"388 Cathy Heights
Hughesberg, NJ 96993",N,hours
1002,Jeffery Morrow,048-90-0882,"04700 Humphrey Station Suite 174
Port Michaelstad, MS 85451",Y,hours
1003,Sarah Martinez,646-71-6775,"49223 Liu Plains Suite 313
New Patrick, UT 64039",N,miles
1004,Theresa Harris,171-65-2747,"USNV Mcdonald
FPO AA 44516",N,hours
1005,Lori Roberts,574-61-3434,"52305 Wright Stream Suite 521
Johnview, HI 99240",Y,miles
1006,Michele Johnson,803-17-3894,"61310 Tracey Pines Suite 284
Lake Scott, MD 55034",N,hours
1007,Christopher Huber,675-13-9051,"4941 Hernandez Port Suite 850
Matthewhaven, MT 55380",Y,miles
1008,Brian Holmes,836-88-1708,"833 Nicholas Mountain
Fisherland, AZ 82577",N,miles
1009,Joanna Bradford,663-62-4083,"56082 Carter Station Apt. 883
Port Kevinborough, MH 46823",N,miles
